"","Coord: 1","Coord: 2","Coord: 3","Coord: 4","Coord: 5","Ctr: 1","Ctr: 2","Ctr: 3","Ctr: 4","Ctr: 5","Cor: 1","Cor: 2","Cor: 3","Cor: 4","Cor: 5"
"spielb: 1",-0.07,-0.29,0.03,0.04,-0.07,1,13,0,0,1,0.4,6.4,0,0.1,0.4
"spielb: 2",-0.25,-0.05,0.01,-0.01,0.05,6,0,0,0,1,4,0.2,0,0,0.2
"spielb: 3",0.32,0.78,-0.44,-0.31,-0.29,3,29,12,7,6,1.6,9.5,3.1,1.6,1.3
"spielb: 4",2.03,0.92,1.18,0.58,1.41,40,12,25,6,40,17.1,3.5,5.7,1.4,8.2
"spielb: 9",1.11,0.87,0.11,1.57,-1.61,1,1,0,5,5,0.5,0.3,0,0.9,1
"hitchc: 1",-0.1,0.29,-0.02,0,-0.19,1,10,0,0,6,0.6,4.3,0,0,1.9
"hitchc: 2",-0.21,-0.05,-0.07,-0.06,0.14,4,0,1,1,4,2.6,0.2,0.3,0.2,1.2
"hitchc: 3",0.19,-0.32,-0.1,-0.03,-0.19,2,8,1,0,4,1.1,3.1,0.3,0,1.1
"hitchc: 4",1.94,-0.1,1.63,0.82,1.63,33,0,44,12,48,14,0,9.9,2.5,9.9
"hitchc: 9",0.83,-1.47,0.31,-0.43,-0.2,0,0,0,0,0,0,0.1,0,0,0
"bergman: 1",-0.58,1.08,0.58,-0.25,-0.25,6,30,11,2,2,2.7,9,2.7,0.5,0.5
"bergman: 2",-0.59,0.27,-0.11,0.04,0.25,21,6,1,0,8,11.2,2.4,0.4,0.1,2
"bergman: 3",-0.26,-0.14,-0.29,-0.14,-0.15,4,2,10,3,3,2.4,0.7,3.1,0.7,0.8
"bergman: 4",0.61,-0.25,0.15,0.11,0,38,10,4,2,0,26.5,4.6,1.6,0.8,0
"bergman: 9",-0.05,-0.33,-0.21,-0.24,-0.43,0,0,0,0,0,0,0.1,0,0,0.1
"campion: 1",-1.42,0.93,1.95,-0.68,-0.04,12,8,43,5,0,5,2.2,9.5,1.2,0
"campion: 2",-1.16,-0.04,0.26,0.3,0.71,23,0,2,3,18,10.2,0,0.5,0.7,3.8
"campion: 3",-0.58,-0.18,-0.27,-0.27,0.06,6,1,3,3,0,2.7,0.2,0.6,0.6,0
"campion: 4",0.19,-0.01,-0.05,0.02,-0.06,8,0,1,0,2,17.9,0.1,1.4,0.2,2
"campion: 9",-0.08,1.25,-0.31,-0.66,-0.37,0,1,0,0,0,0,0.3,0,0.1,0
"potter: 1",-0.54,-0.3,0.25,0.28,0.51,14,7,6,8,27,7.4,2.3,1.6,2,6.7
"potter: 2",-0.15,-0.36,0.11,0.37,-0.16,1,7,1,10,2,0.4,2.2,0.2,2.3,0.4
"potter: 3",0.13,0.13,-0.13,-0.19,-0.17,3,4,5,11,9,2.9,2.9,2.9,5.8,4.8
"potter: 4",1.37,0.88,0.47,0.18,0.73,16,9,4,1,9,6.7,2.8,0.8,0.1,1.9
"potter: 9",1.02,0.29,0.34,0.43,0.45,0,0,0,0,0,0.1,0,0,0,0
"pride: 1",-0.56,0.41,0.05,0.14,0.13,30,24,0,4,3,20.7,11,0.2,1.4,1.1
"pride: 2",-0.04,-0.35,0.1,0.13,0.14,0,4,0,1,1,0,1.3,0.1,0.2,0.2
"pride: 3",0.26,-0.33,-0.23,-0.24,-0.3,7,18,10,12,21,5.3,8.8,4.1,4.5,7.4
"pride: 4",1.75,0.27,1.12,0.56,1.12,48,2,37,10,40,20.9,0.5,8.5,2.2,8.5
"solace: 1",-0.17,0.39,-0.11,0.54,-0.38,1,4,0,12,6,0.3,1.4,0.1,2.6,1.3
"solace: 2",-0.08,0.1,-0.12,0.16,-0.21,0,0,1,1,2,0.1,0.1,0.1,0.2,0.4
"solace: 3",-0.42,-0.03,-0.04,-0.19,0.01,16,0,0,6,0,10.2,0.1,0.1,2.1,0
"solace: 4",0.37,-0.06,0.07,0.03,0.09,16,1,1,0,2,12.3,0.3,0.5,0.1,0.8
"solace: 9",-0.61,0.42,1.19,-0.99,-0.26,0,0,0,0,0,0,0,0.1,0.1,0
"cagebird: 1",-1.1,0.21,0.66,0.39,1,12,1,8,3,20,5,0.2,1.8,0.6,4.1
"cagebird: 2",-1.08,0.68,0.83,0.37,0.74,12,7,13,3,12,5.1,2.1,3,0.6,2.4
"cagebird: 3",-0.58,-0.09,-0.28,-0.26,0,10,0,4,4,0,4.7,0.1,1.1,0.9,0
"cagebird: 4",0.2,-0.03,-0.06,0.01,-0.08,8,0,1,0,2,16.3,0.5,1.2,0.1,2.2
"cagebird: 9",-3.39,3.1,28.63,-16.73,-18.03,2,2,241,87,105,0.7,0.6,52.5,17.9,20.8
"thefirm: 1",-0.79,0.07,0.21,0.49,0.35,26,0,4,20,10,12.8,0.1,0.9,5,2.5
"thefirm: 2",-0.43,-0.42,-0.03,-0.05,0,5,8,0,0,0,2.5,2.4,0,0,0
"thefirm: 3",-0.24,-0.18,-0.21,-0.18,-0.15,5,4,7,6,4,3.3,1.9,2.3,1.9,1.3
"thefirm: 4",0.78,0.29,0.06,-0.01,0.02,53,11,1,0,0,33.2,4.5,0.2,0,0
"thefirm: 9",-3.39,3.1,28.63,-16.73,-18.03,2,2,241,87,105,0.7,0.6,52.5,17.9,20.8
"bovary: 1",-1.22,1.22,0.84,0.39,0.15,27,39,24,6,1,11.7,11.7,5.5,1.2,0.2
"bovary: 2",-1.08,0.56,0.39,0.23,0.66,10,4,2,1,7,4.1,1.1,0.5,0.2,1.5
"bovary: 3",-0.54,0.1,-0.35,-0.19,0.04,22,1,17,5,0,12.8,0.5,5.3,1.6,0.1
"bovary: 4",0.49,-0.24,0.05,0.04,-0.08,35,12,1,0,2,34.6,8.2,0.4,0.2,0.9
"bovary: 9",1.34,2.84,-0.44,-0.36,0.5,0,2,0,0,0,0.1,0.5,0,0,0
"wonderw: 1",-0.26,-0.68,0.21,0.03,0.11,8,74,9,0,3,5.7,37.6,3.5,0.1,1
"wonderw: 2",-0.24,-0.3,0.05,0.09,0.06,2,4,0,0,0,0.9,1.3,0,0.1,0.1
"wonderw: 3",-0.11,0.35,-0.52,-0.24,-0.38,0,6,17,4,10,0.2,1.9,4.2,0.9,2.3
"wonderw: 4",0.59,1.04,-0.12,-0.09,0.05,25,109,2,1,0,14,42.4,0.6,0.3,0.1
"wonderw: 9",-1.53,1.41,1.59,12.32,-8.4,1,2,3,190,91,0.6,0.5,0.7,38.9,18.1
"stan: 1",-0.14,-0.82,0.4,0.12,0.17,1,72,22,2,4,0.8,29,6.8,0.6,1.2
"stan: 2",-0.25,-0.5,0.07,0.07,0.07,3,15,0,0,0,1.3,5.1,0.1,0.1,0.1
"stan: 3",-0.31,0.04,-0.27,-0.04,-0.11,4,0,5,0,1,1.8,0,1.3,0,0.2
"stan: 4",0.37,0.89,-0.25,-0.16,-0.09,12,103,11,5,2,8,45.5,3.7,1.5,0.5
"stan: 9",-1.71,2.01,2.74,24.86,-17.74,0,1,2,193,102,0.2,0.3,0.5,39.6,20.1
"fourseas: 1",-0.5,0.21,-0.01,0.07,0.06,35,9,0,1,1,32.4,5.7,0,0.7,0.5
"fourseas: 2",-0.04,-0.35,-0.21,-0.26,-0.18,0,3,1,2,1,0,0.8,0.3,0.5,0.2
"fourseas: 3",0.31,-0.5,-0.37,-0.35,-0.46,4,16,11,11,18,2.1,5.3,3,2.6,4.4
"fourseas: 4",1.14,-0.04,0.42,0.18,0.27,64,0,16,3,7,32.5,0,4.4,0.9,1.8
"fourseas: 9",1.57,-0.12,1.14,0.4,0.83,1,0,1,0,0,0.3,0,0.2,0,0.1
"einstein: 1",-1.12,0.25,0.53,0.46,1.12,10,1,4,3,21,4.2,0.2,1,0.7,4.2
"einstein: 2",-0.97,0.15,0.09,1.02,-0.36,7,0,0,15,2,2.8,0.1,0,3.1,0.4
"einstein: 3",-0.65,0.01,0.19,-0.46,-0.07,11,0,2,11,0,4.9,0,0.4,2.5,0.1
"einstein: 4",0.16,-0.02,-0.05,0.01,-0.02,5,0,1,0,0,12.9,0.1,1.2,0,0.3
"einstein: 9",-2.3,-0.54,1.69,-1.02,1.61,1,0,1,0,1,0.3,0,0.2,0.1,0.2
"symph5: 1",-0.79,0.74,0.06,0.16,0.34,31,39,0,2,12,15.7,13.7,0.1,0.6,2.9
"symph5: 2",-0.61,0.51,-0.04,0.01,0.31,5,5,0,0,3,2.4,1.6,0,0,0.6
"symph5: 3",-0.3,-0.2,-0.31,-0.26,-0.16,5,3,9,7,3,2.5,1.1,2.6,1.9,0.7
"symph5: 4",0.5,-0.27,0.11,-0.02,-0.05,32,13,3,0,1,27.4,7.7,1.2,0,0.2
"symph5: 9",-0.46,1.26,0.44,10.34,-8.37,0,2,0,167,113,0.1,0.5,0.1,34.3,22.5
"kindblue: 1",-1.06,0.41,0.68,0.19,0.43,35,8,28,2,12,16.6,2.5,6.9,0.5,2.8
"kindblue: 2",-1.04,-0.21,-0.02,0.19,0.33,8,0,0,1,2,3.4,0.1,0,0.1,0.3
"kindblue: 3",-0.55,-0.27,-0.25,-0.31,0.07,11,4,4,7,0,5.3,1.3,1.1,1.7,0.1
"kindblue: 4",0.36,-0.01,-0.07,0.02,-0.11,22,0,2,0,4,29.4,0,1.2,0.1,2.8
"kindblue: 9",-0.56,-0.45,0.02,-0.11,0.16,0,0,0,0,0,0.1,0,0,0,0
"oops: 1",-0.02,-0.59,0.17,0.21,0.03,0,32,4,5,0,0,12,1.1,1.5,0
"oops: 2",-0.3,-0.49,0.15,0.03,0.05,8,32,4,0,1,5.4,14.5,1.3,0,0.2
"oops: 3",-0.07,0.45,-0.51,-0.27,-0.42,0,9,15,5,11,0.1,2.9,3.8,1.1,2.6
"oops: 4",0.54,1.17,-0.15,-0.12,0.09,17,117,3,2,1,9.1,42.8,0.7,0.5,0.3
"oops: 9",-1.3,0.4,0.15,-0.07,0.83,1,0,0,0,1,0.4,0,0,0,0.2
"chicago: 1",-0.21,0.13,-0.04,0.02,-0.03,7,4,0,0,0,8.3,3.5,0.2,0.1,0.2
"chicago: 2",0.1,-0.13,-0.14,-0.14,-0.12,0,1,2,2,1,0.2,0.3,0.4,0.4,0.3
"chicago: 3",0.31,-0.5,-0.12,-0.19,-0.15,2,9,1,2,1,1.1,2.7,0.2,0.4,0.2
"chicago: 4",1.33,-0.24,0.94,0.46,0.91,28,1,27,7,28,12.4,0.4,6.2,1.5,5.9
"chicago: 9",0.22,-0.36,-0.58,-0.15,-0.49,0,0,1,0,0,0,0,0.1,0,0.1
"data.sub.soctrust: 1",-0.26,0.13,0.05,-0.01,0.06,NA,NA,NA,NA,NA,NA,NA,NA,NA,NA
"data.sub.soctrust: 2",0.15,-0.08,-0.02,0.01,-0.04,NA,NA,NA,NA,NA,NA,NA,NA,NA,NA
"data.sub.soctrust: 3",-0.17,0.2,-0.06,-0.01,0.12,NA,NA,NA,NA,NA,NA,NA,NA,NA,NA
"data.sub.soctrust: 8",0.78,-1.36,0.75,0.51,0.31,NA,NA,NA,NA,NA,NA,NA,NA,NA,NA
"data.sub.soctrust: 9",0.24,1.14,-0.25,-0.31,0.01,NA,NA,NA,NA,NA,NA,NA,NA,NA,NA
"1",-0.02,0.4,-0.31,-0.08,-0.19,0,1,1,0,0,NA,NA,NA,NA,NA
"2",0.5,-0.34,-0.02,-0.1,-0.15,1,0,0,0,0,NA,NA,NA,NA,NA
"3",-0.26,-0.21,0.02,0.13,-0.09,0,0,0,0,0,NA,NA,NA,NA,NA
"4",0.05,0.13,-0.3,-0.11,-0.3,0,0,0,0,1,NA,NA,NA,NA,NA
"5",-0.79,0.87,0.35,0.2,0.37,2,3,1,0,1,NA,NA,NA,NA,NA
"6",-0.56,-0.15,0.15,-0.06,0.09,1,0,0,0,0,NA,NA,NA,NA,NA
"7",-0.78,-0.05,-0.04,0.36,-0.01,2,0,0,1,0,NA,NA,NA,NA,NA
"8",0.69,-0.42,0.32,0.25,0.17,1,1,1,0,0,NA,NA,NA,NA,NA
"9",-0.13,-0.16,-0.07,-0.04,0.03,0,0,0,0,0,NA,NA,NA,NA,NA
"10",-0.48,-0.17,-0.24,-0.34,-0.09,1,0,0,1,0,NA,NA,NA,NA,NA
"11",-0.53,0.25,-0.41,-0.21,-0.02,1,0,1,0,0,NA,NA,NA,NA,NA
"12",0.39,-0.27,-0.07,-0.08,-0.18,0,0,0,0,0,NA,NA,NA,NA,NA
"13",0.75,0.58,0.08,-0.01,0.15,2,1,0,0,0,NA,NA,NA,NA,NA
"14",0.45,0.47,-0.09,-0.16,0.2,1,1,0,0,0,NA,NA,NA,NA,NA
"15",-0.05,0.23,-0.26,-0.1,-0.15,0,0,0,0,0,NA,NA,NA,NA,NA
"16",0.44,-0.42,-0.1,-0.16,-0.22,1,1,0,0,0,NA,NA,NA,NA,NA
"17",-0.09,0.35,-0.34,-0.14,-0.13,0,0,1,0,0,NA,NA,NA,NA,NA
"18",-0.13,-0.37,-0.26,-0.26,-0.36,0,1,0,0,1,NA,NA,NA,NA,NA
"19",0.14,-0.26,-0.26,-0.21,-0.29,0,0,0,0,1,NA,NA,NA,NA,NA
"20",0.48,0.4,-0.3,-0.11,-0.32,1,1,0,0,1,NA,NA,NA,NA,NA
"21",-0.03,0.32,-0.33,-0.09,-0.15,0,0,1,0,0,NA,NA,NA,NA,NA
"22",-0.12,0.18,-0.11,-0.02,0.06,0,0,0,0,0,NA,NA,NA,NA,NA
"23",0.45,-0.29,0.13,0.06,-0.04,1,0,0,0,0,NA,NA,NA,NA,NA
"24",-0.52,-0.2,0.03,0.11,0.16,1,0,0,0,0,NA,NA,NA,NA,NA
"25",-0.25,-0.41,0.03,-0.03,0.05,0,1,0,0,0,NA,NA,NA,NA,NA
"26",0.04,0.73,-0.22,-0.08,-0.05,0,2,0,0,0,NA,NA,NA,NA,NA
"27",-0.16,-0.16,-0.39,-0.33,-0.18,0,0,1,1,0,NA,NA,NA,NA,NA
"28",-0.44,-0.33,0.05,-0.01,0.09,1,0,0,0,0,NA,NA,NA,NA,NA
"29",0.93,-0.5,0.58,0.27,0.38,2,1,2,0,1,NA,NA,NA,NA,NA
"30",0.38,-0.44,0.1,-0.02,-0.01,0,1,0,0,0,NA,NA,NA,NA,NA
"31",-0.28,-0.47,0.01,-0.04,0.08,0,1,0,0,0,NA,NA,NA,NA,NA
"32",-0.51,0.18,0.3,0.13,0.23,1,0,0,0,0,NA,NA,NA,NA,NA
"33",-0.11,0.11,-0.13,0.15,-0.2,0,0,0,0,0,NA,NA,NA,NA,NA
"34",-0.02,-0.17,0.03,0.11,0.06,0,0,0,0,0,NA,NA,NA,NA,NA
"35",0.36,-0.41,-0.15,-0.16,-0.33,0,1,0,0,1,NA,NA,NA,NA,NA
"36",0.71,0.32,-0.06,-0.07,-0.05,1,0,0,0,0,NA,NA,NA,NA,NA
"37",0.08,-0.54,-0.12,-0.17,-0.24,0,1,0,0,0,NA,NA,NA,NA,NA
"38",-0.5,-0.25,0.13,0.14,0.17,1,0,0,0,0,NA,NA,NA,NA,NA
"39",-0.22,0.62,-0.27,-0.13,0.12,0,2,0,0,0,NA,NA,NA,NA,NA
"40",-0.46,0.33,-0.21,-0.02,0.12,1,0,0,0,0,NA,NA,NA,NA,NA
"41",0.49,0.05,-0.2,0.03,-0.51,1,0,0,0,2,NA,NA,NA,NA,NA
"42",0.27,-0.4,0.02,0.09,-0.16,0,1,0,0,0,NA,NA,NA,NA,NA
"43",1.04,0.42,0.2,0.07,0.21,3,1,0,0,0,NA,NA,NA,NA,NA
"44",0.08,0.07,-0.26,-0.21,-0.09,0,0,0,0,0,NA,NA,NA,NA,NA
"45",0.19,-0.54,0.32,0.24,0.27,0,1,1,0,0,NA,NA,NA,NA,NA
"46",0.1,-0.35,0.13,0.1,0,0,0,0,0,0,NA,NA,NA,NA,NA
"47",0.15,-0.43,-0.05,0,-0.17,0,1,0,0,0,NA,NA,NA,NA,NA
"48",-0.49,0.07,-0.01,0.02,-0.04,1,0,0,0,0,NA,NA,NA,NA,NA
"49",-0.12,0.49,-0.31,-0.18,-0.1,0,1,1,0,0,NA,NA,NA,NA,NA
"50",0.07,0.55,-0.22,-0.24,-0.23,0,1,0,0,0,NA,NA,NA,NA,NA
"51",0.06,-0.12,-0.23,-0.14,-0.27,0,0,0,0,0,NA,NA,NA,NA,NA
"52",-0.25,0.34,-0.35,-0.19,-0.01,0,0,1,0,0,NA,NA,NA,NA,NA
"53",-0.42,-0.11,0.2,-0.17,0,1,0,0,0,0,NA,NA,NA,NA,NA
"54",0.02,-0.21,0.16,-0.01,-0.04,0,0,0,0,0,NA,NA,NA,NA,NA
"55",0.05,0.76,-0.33,-0.19,-0.09,0,2,1,0,0,NA,NA,NA,NA,NA
"56",0.08,-0.42,0.09,0.04,-0.08,0,1,0,0,0,NA,NA,NA,NA,NA
"57",0.18,0.3,-0.22,-0.2,-0.1,0,0,0,0,0,NA,NA,NA,NA,NA
"58",-0.43,-0.52,-0.12,-0.13,0,1,1,0,0,0,NA,NA,NA,NA,NA
"59",-0.39,-0.03,0.3,0.32,0.25,0,0,0,1,0,NA,NA,NA,NA,NA
"60",-0.68,-0.45,-0.22,-0.39,-0.02,1,1,0,1,0,NA,NA,NA,NA,NA
"61",0.06,-0.5,0.15,0.13,0.12,0,1,0,0,0,NA,NA,NA,NA,NA
"62",-0.15,0.93,-0.01,0.02,0.07,0,4,0,0,0,NA,NA,NA,NA,NA
"63",0.71,0.38,-0.18,-0.14,-0.25,1,1,0,0,0,NA,NA,NA,NA,NA
"64",0.41,0.4,-0.24,-0.08,-0.19,0,1,0,0,0,NA,NA,NA,NA,NA
"65",-0.88,-0.1,0.37,0.4,0.48,2,0,1,1,1,NA,NA,NA,NA,NA
"66",-0.57,-0.31,-0.16,-0.29,-0.03,1,0,0,0,0,NA,NA,NA,NA,NA
"67",1.09,0.51,0.31,0.09,0.39,3,1,1,0,1,NA,NA,NA,NA,NA
"68",-0.2,-0.14,0.01,0.12,0.11,0,0,0,0,0,NA,NA,NA,NA,NA
"69",-0.03,-0.18,-0.24,-0.08,-0.17,0,0,0,0,0,NA,NA,NA,NA,NA
"70",-0.1,-0.37,-0.25,-0.22,-0.16,0,1,0,0,0,NA,NA,NA,NA,NA
"71",0.08,-0.45,-0.04,-0.07,-0.14,0,1,0,0,0,NA,NA,NA,NA,NA
"72",-0.56,-0.26,0,0.09,0.21,1,0,0,0,0,NA,NA,NA,NA,NA
"73",-1.11,0.08,0.28,0.15,0.53,3,0,0,0,2,NA,NA,NA,NA,NA
"74",-0.95,0.91,0.42,0.3,0.2,3,3,1,0,0,NA,NA,NA,NA,NA
"75",0.43,0.3,-0.15,-0.12,-0.11,1,0,0,0,0,NA,NA,NA,NA,NA
"76",0.18,-0.02,-0.07,0.01,-0.17,0,0,0,0,0,NA,NA,NA,NA,NA
"77",0.13,-0.43,0.06,-0.06,-0.09,0,1,0,0,0,NA,NA,NA,NA,NA
"78",-1.07,0.64,0.81,2.35,-1.07,3,2,3,31,7,NA,NA,NA,NA,NA
"79",-0.08,-0.2,0.17,0.23,-0.06,0,0,0,0,0,NA,NA,NA,NA,NA
"80",0.38,-0.34,0.23,0.11,0.13,0,0,0,0,0,NA,NA,NA,NA,NA
"81",0.09,-0.26,0.02,0.19,-0.19,0,0,0,0,0,NA,NA,NA,NA,NA
"82",-0.54,0.02,0.18,0.26,0.14,1,0,0,0,0,NA,NA,NA,NA,NA
"83",0.59,-0.41,0.11,0,-0.06,1,1,0,0,0,NA,NA,NA,NA,NA
"84",0.27,0.05,0.2,0.1,-0.02,0,0,0,0,0,NA,NA,NA,NA,NA
"85",-0.1,0.01,-0.16,0.04,-0.13,0,0,0,0,0,NA,NA,NA,NA,NA
"86",-0.48,0.57,-0.04,-0.11,0.06,1,1,0,0,0,NA,NA,NA,NA,NA
"87",-0.14,0.12,0.12,0.27,0.06,0,0,0,0,0,NA,NA,NA,NA,NA
"88",0.24,-0.37,-0.11,-0.12,-0.14,0,1,0,0,0,NA,NA,NA,NA,NA
"89",0.56,0.27,-0.12,-0.12,-0.2,1,0,0,0,0,NA,NA,NA,NA,NA
"90",0.47,-0.51,0.22,0.07,0.08,1,1,0,0,0,NA,NA,NA,NA,NA
"91",-0.39,-0.06,-0.22,-0.25,-0.19,0,0,0,0,0,NA,NA,NA,NA,NA
"92",0.03,-0.39,0.18,0.33,0.06,0,1,0,1,0,NA,NA,NA,NA,NA
"93",-0.03,0.14,0.27,0.12,0.09,0,0,0,0,0,NA,NA,NA,NA,NA
"94",0.08,-0.28,0.06,-0.04,-0.08,0,0,0,0,0,NA,NA,NA,NA,NA
"95",-0.27,0.35,-0.28,-0.06,-0.03,0,1,0,0,0,NA,NA,NA,NA,NA
"96",-0.36,-0.07,-0.11,-0.01,0.12,0,0,0,0,0,NA,NA,NA,NA,NA
"97",-0.01,-0.21,-0.08,0.01,0.02,0,0,0,0,0,NA,NA,NA,NA,NA
"98",-0.21,-0.16,-0.13,0,0.03,0,0,0,0,0,NA,NA,NA,NA,NA
"99",-0.26,-0.3,0.06,-0.01,0.07,0,0,0,0,0,NA,NA,NA,NA,NA
"100",-0.28,-0.24,-0.15,-0.1,-0.08,0,0,0,0,0,NA,NA,NA,NA,NA
"101",0.16,0.55,-0.1,0.16,0.02,0,1,0,0,0,NA,NA,NA,NA,NA
"102",-0.47,-0.31,-0.08,-0.18,0.06,1,0,0,0,0,NA,NA,NA,NA,NA
"103",-0.31,-0.43,-0.12,-0.18,-0.02,0,1,0,0,0,NA,NA,NA,NA,NA
"104",-0.23,-0.41,0.12,-0.09,0.01,0,1,0,0,0,NA,NA,NA,NA,NA
"105",0.24,0.25,-0.28,-0.16,-0.23,0,0,0,0,0,NA,NA,NA,NA,NA
"106",-0.19,-0.3,0.08,-0.02,0.08,0,0,0,0,0,NA,NA,NA,NA,NA
"107",-0.18,-0.42,0.01,-0.17,-0.02,0,1,0,0,0,NA,NA,NA,NA,NA
"108",-0.5,-0.11,0.09,-0.07,0.14,1,0,0,0,0,NA,NA,NA,NA,NA
"109",1.16,0.77,0.41,0.21,0.56,4,2,1,0,2,NA,NA,NA,NA,NA
"110",-0.6,0.09,0.09,0.24,0.23,1,0,0,0,0,NA,NA,NA,NA,NA
"111",-0.34,0.03,-0.07,0.11,0.1,0,0,0,0,0,NA,NA,NA,NA,NA
"112",0.38,-0.26,-0.15,0,-0.33,0,0,0,0,1,NA,NA,NA,NA,NA
"113",0.33,-0.1,-0.04,0.02,-0.21,0,0,0,0,0,NA,NA,NA,NA,NA
"114",-0.3,-0.38,0.17,0.14,0.23,0,1,0,0,0,NA,NA,NA,NA,NA
"115",-0.38,-0.11,-0.15,-0.11,0.02,0,0,0,0,0,NA,NA,NA,NA,NA
"116",0.08,0.75,0.14,0.14,0.22,0,2,0,0,0,NA,NA,NA,NA,NA
"117",-0.15,-0.34,0.21,0.1,0.09,0,0,0,0,0,NA,NA,NA,NA,NA
"118",-0.49,0.63,0.13,0.16,0.3,1,2,0,0,1,NA,NA,NA,NA,NA
"119",-0.82,0.02,0.01,0.13,0.29,2,0,0,0,0,NA,NA,NA,NA,NA
"120",-0.39,-0.18,0.24,0.26,0.32,0,0,0,0,1,NA,NA,NA,NA,NA
"121",0.32,0.36,-0.12,-0.05,-0.06,0,1,0,0,0,NA,NA,NA,NA,NA
"122",0.24,-0.08,-0.12,-0.07,-0.13,0,0,0,0,0,NA,NA,NA,NA,NA
"123",0.89,0.51,-0.04,-0.01,-0.06,2,1,0,0,0,NA,NA,NA,NA,NA
"124",-0.37,0.43,-0.15,-0.12,0.1,0,1,0,0,0,NA,NA,NA,NA,NA
"125",0.05,-0.38,0.03,0.06,-0.05,0,1,0,0,0,NA,NA,NA,NA,NA
"126",0.5,-0.01,0.09,0.11,-0.01,1,0,0,0,0,NA,NA,NA,NA,NA
"127",-0.43,-0.07,-0.22,-0.12,-0.01,1,0,0,0,0,NA,NA,NA,NA,NA
"128",-0.11,0.77,-0.13,-0.13,0,0,2,0,0,0,NA,NA,NA,NA,NA
"129",-0.15,-0.29,-0.07,-0.01,-0.01,0,0,0,0,0,NA,NA,NA,NA,NA
"130",-0.23,-0.43,0.01,-0.1,-0.16,0,1,0,0,0,NA,NA,NA,NA,NA
"131",-0.81,0.36,-0.04,0.11,0.22,2,1,0,0,0,NA,NA,NA,NA,NA
"132",-0.02,-0.45,0.03,-0.11,-0.11,0,1,0,0,0,NA,NA,NA,NA,NA
"133",0.08,-0.4,-0.19,-0.21,-0.13,0,1,0,0,0,NA,NA,NA,NA,NA
"134",0.5,-0.5,0.15,0.12,-0.07,1,1,0,0,0,NA,NA,NA,NA,NA
"135",0.83,-0.06,0.37,0.18,0.23,2,0,1,0,0,NA,NA,NA,NA,NA
"136",0.19,-0.17,-0.07,0,-0.11,0,0,0,0,0,NA,NA,NA,NA,NA
"137",0.37,0.25,-0.17,-0.1,-0.2,0,0,0,0,0,NA,NA,NA,NA,NA
"138",-0.65,0.23,0.16,-0.14,0.01,1,0,0,0,0,NA,NA,NA,NA,NA
"139",-0.16,-0.48,-0.11,-0.22,-0.02,0,1,0,0,0,NA,NA,NA,NA,NA
"140",0.12,-0.41,0.07,0.1,-0.12,0,1,0,0,0,NA,NA,NA,NA,NA
"141",-0.03,0.18,-0.29,-0.34,-0.28,0,0,0,1,0,NA,NA,NA,NA,NA
"142",0.28,0.3,-0.28,-0.17,-0.24,0,0,0,0,0,NA,NA,NA,NA,NA
"143",0.36,-0.15,-0.12,-0.13,-0.19,0,0,0,0,0,NA,NA,NA,NA,NA
"144",-0.17,-0.56,-0.05,-0.02,0.01,0,1,0,0,0,NA,NA,NA,NA,NA
"145",0.48,0.61,0.09,-0.05,0.07,1,2,0,0,0,NA,NA,NA,NA,NA
"146",-0.4,-0.22,0.24,0.34,0.12,0,0,0,1,0,NA,NA,NA,NA,NA
"147",-0.05,-0.06,-0.17,-0.03,-0.09,0,0,0,0,0,NA,NA,NA,NA,NA
"148",0.55,0.37,-0.11,-0.07,-0.16,1,1,0,0,0,NA,NA,NA,NA,NA
"149",-0.28,0.12,0.13,0.35,-0.12,0,0,0,1,0,NA,NA,NA,NA,NA
"150",0.52,0.21,-0.21,-0.17,-0.27,1,0,0,0,0,NA,NA,NA,NA,NA
"151",0.76,-0.38,0.32,0.18,0.13,2,1,1,0,0,NA,NA,NA,NA,NA
"152",0.26,-0.61,0.01,-0.04,-0.15,0,2,0,0,0,NA,NA,NA,NA,NA
"153",0,0.11,-0.09,0.09,0.06,0,0,0,0,0,NA,NA,NA,NA,NA
"154",1.15,0.35,0.35,0.14,0.34,4,1,1,0,1,NA,NA,NA,NA,NA
"155",0.04,-0.3,-0.11,-0.15,-0.23,0,0,0,0,0,NA,NA,NA,NA,NA
"156",0.99,-0.43,0.73,0.38,0.58,3,1,3,1,2,NA,NA,NA,NA,NA
"157",0.06,-0.48,0.07,0.02,-0.04,0,1,0,0,0,NA,NA,NA,NA,NA
"158",0.57,-0.39,0.07,0.03,-0.09,1,1,0,0,0,NA,NA,NA,NA,NA
"159",0.27,-0.2,-0.11,-0.07,-0.24,0,0,0,0,0,NA,NA,NA,NA,NA
"160",-0.32,-0.3,0.12,0.25,0.08,0,0,0,0,0,NA,NA,NA,NA,NA
"161",-0.04,-0.22,-0.35,-0.31,-0.22,0,0,1,1,0,NA,NA,NA,NA,NA
"162",0.2,0.2,-0.37,-0.2,-0.36,0,0,1,0,1,NA,NA,NA,NA,NA
"163",-0.24,0.04,-0.2,0.02,-0.07,0,0,0,0,0,NA,NA,NA,NA,NA
"164",-0.1,-0.51,0.04,0.12,-0.01,0,1,0,0,0,NA,NA,NA,NA,NA
"165",0.13,-0.47,-0.11,-0.09,-0.2,0,1,0,0,0,NA,NA,NA,NA,NA
"166",-0.3,-0.2,0.09,0.2,0.15,0,0,0,0,0,NA,NA,NA,NA,NA
"167",0.15,0.37,-0.15,0,-0.02,0,1,0,0,0,NA,NA,NA,NA,NA
"168",-0.01,-0.62,-0.16,-0.18,-0.2,0,2,0,0,0,NA,NA,NA,NA,NA
"169",0.62,0.35,-0.33,-0.25,-0.31,1,1,1,0,1,NA,NA,NA,NA,NA
"170",0.24,0,-0.06,-0.03,0.03,0,0,0,0,0,NA,NA,NA,NA,NA
"171",0.51,0,0.1,0.1,-0.03,1,0,0,0,0,NA,NA,NA,NA,NA
"172",0.16,-0.5,-0.08,-0.25,-0.27,0,1,0,0,0,NA,NA,NA,NA,NA
"173",-0.04,-0.47,0.02,0.01,-0.05,0,1,0,0,0,NA,NA,NA,NA,NA
"174",0.64,0.43,0.1,0.13,0.01,1,1,0,0,0,NA,NA,NA,NA,NA
"175",-0.06,0.19,-0.42,-0.27,-0.2,0,0,1,0,0,NA,NA,NA,NA,NA
"176",-0.51,-0.06,-0.14,-0.04,-0.1,1,0,0,0,0,NA,NA,NA,NA,NA
"177",-0.8,-0.21,0.26,0.35,0.32,2,0,0,1,1,NA,NA,NA,NA,NA
"178",-0.02,-0.44,-0.07,0,-0.15,0,1,0,0,0,NA,NA,NA,NA,NA
"179",-0.47,-0.12,-0.05,-0.01,0.16,1,0,0,0,0,NA,NA,NA,NA,NA
"180",0.4,-0.57,0.14,0.09,0.08,0,1,0,0,0,NA,NA,NA,NA,NA
"181",-0.15,-0.33,0.06,0.08,0.06,0,0,0,0,0,NA,NA,NA,NA,NA
"182",-0.07,0.01,-0.09,-0.12,-0.06,0,0,0,0,0,NA,NA,NA,NA,NA
"183",-0.05,-0.34,-0.09,0.06,-0.1,0,0,0,0,0,NA,NA,NA,NA,NA
"184",0.01,-0.34,-0.2,-0.05,-0.29,0,0,0,0,0,NA,NA,NA,NA,NA
"185",-0.04,-0.2,0.03,-0.09,-0.19,0,0,0,0,0,NA,NA,NA,NA,NA
"186",0.55,0.44,-0.03,-0.12,0.17,1,1,0,0,0,NA,NA,NA,NA,NA
"187",0.27,-0.59,0.03,0.04,-0.23,0,1,0,0,0,NA,NA,NA,NA,NA
"188",-0.74,-0.27,0.17,-0.05,0.26,2,0,0,0,0,NA,NA,NA,NA,NA
"189",0.59,-0.53,0.13,0.02,-0.08,1,1,0,0,0,NA,NA,NA,NA,NA
"190",-0.34,-0.08,-0.4,-0.25,-0.07,0,0,1,0,0,NA,NA,NA,NA,NA
"191",0.53,-0.56,0.37,0.22,0.23,1,1,1,0,0,NA,NA,NA,NA,NA
"192",-0.35,0.06,-0.3,-0.29,-0.15,0,0,0,0,0,NA,NA,NA,NA,NA
"193",-0.21,0.15,-0.01,-0.02,-0.15,0,0,0,0,0,NA,NA,NA,NA,NA
"194",0.48,0.25,-0.42,-0.33,-0.38,1,0,1,1,1,NA,NA,NA,NA,NA
"195",0,-0.23,-0.28,-0.25,-0.29,0,0,0,0,0,NA,NA,NA,NA,NA
"196",-0.01,-0.1,-0.38,-0.44,-0.28,0,0,1,1,0,NA,NA,NA,NA,NA
"197",0.49,-0.48,0.37,0.12,0.36,1,1,1,0,1,NA,NA,NA,NA,NA
"198",0.23,-0.45,-0.05,-0.1,-0.24,0,1,0,0,0,NA,NA,NA,NA,NA
"199",0.77,0.31,0.06,0,0.13,2,0,0,0,0,NA,NA,NA,NA,NA
"200",-0.12,0.42,0.09,-0.24,-0.12,0,1,0,0,0,NA,NA,NA,NA,NA
"201",0.62,0.37,-0.18,-0.21,-0.14,1,1,0,0,0,NA,NA,NA,NA,NA
"202",0.68,-0.08,-0.04,-0.08,-0.17,1,0,0,0,0,NA,NA,NA,NA,NA
"203",-0.43,-0.42,-0.16,-0.25,0.03,1,1,0,0,0,NA,NA,NA,NA,NA
"204",-0.6,-0.17,0.08,0.12,0.17,1,0,0,0,0,NA,NA,NA,NA,NA
"205",-0.81,0.28,-0.31,-0.27,0.05,2,0,1,0,0,NA,NA,NA,NA,NA
"206",-0.06,-0.29,0.13,0.23,-0.01,0,0,0,0,0,NA,NA,NA,NA,NA
"207",0.32,-0.31,-0.16,-0.16,-0.29,0,0,0,0,0,NA,NA,NA,NA,NA
"208",-0.34,1.04,0.11,-0.08,0.28,0,4,0,0,0,NA,NA,NA,NA,NA
"209",-0.11,-0.06,-0.29,-0.3,-0.28,0,0,0,1,0,NA,NA,NA,NA,NA
"210",-0.23,-0.12,-0.4,-0.27,-0.26,0,0,1,0,0,NA,NA,NA,NA,NA
"211",-0.87,0.37,0.37,2.21,-1.09,2,1,1,27,7,NA,NA,NA,NA,NA
"212",-0.19,-0.45,-0.02,0.05,0.07,0,1,0,0,0,NA,NA,NA,NA,NA
"213",0.08,0.58,-0.13,-0.07,-0.01,0,1,0,0,0,NA,NA,NA,NA,NA
"214",-0.27,-0.09,-0.1,0.03,0.05,0,0,0,0,0,NA,NA,NA,NA,NA
"215",0.43,-0.46,-0.01,-0.04,-0.2,1,1,0,0,0,NA,NA,NA,NA,NA
"216",0.66,0.03,0.07,-0.06,0.13,1,0,0,0,0,NA,NA,NA,NA,NA
"217",-0.6,-0.13,-0.19,-0.21,0.15,1,0,0,0,0,NA,NA,NA,NA,NA
"218",-0.68,-0.23,0.2,-0.25,0.12,1,0,0,0,0,NA,NA,NA,NA,NA
"219",0.15,-0.42,0.08,-0.04,0.03,0,1,0,0,0,NA,NA,NA,NA,NA
"220",0.08,0.03,-0.27,-0.28,-0.22,0,0,0,0,0,NA,NA,NA,NA,NA
"221",0.16,0.71,-0.26,-0.24,-0.29,0,2,0,0,1,NA,NA,NA,NA,NA
"222",0.08,-0.19,-0.19,-0.06,-0.25,0,0,0,0,0,NA,NA,NA,NA,NA
"223",-0.74,-0.07,0.21,0.34,0.47,2,0,0,1,1,NA,NA,NA,NA,NA
"224",0.26,-0.09,0.3,0.19,0.36,0,0,0,0,1,NA,NA,NA,NA,NA
"225",-0.75,0.27,0.07,0.02,0.23,2,0,0,0,0,NA,NA,NA,NA,NA
"226",0.54,0.4,-0.16,-0.21,-0.03,1,1,0,0,0,NA,NA,NA,NA,NA
"227",-0.4,0.55,0.15,-0.05,-0.11,0,1,0,0,0,NA,NA,NA,NA,NA
"228",0.29,-0.17,-0.05,0.05,-0.09,0,0,0,0,0,NA,NA,NA,NA,NA
"229",0.05,-0.55,0.12,0.28,-0.05,0,1,0,0,0,NA,NA,NA,NA,NA
"230",0.03,-0.04,-0.54,-0.42,-0.35,0,0,2,1,1,NA,NA,NA,NA,NA
"231",-0.24,-0.35,-0.14,-0.17,-0.14,0,1,0,0,0,NA,NA,NA,NA,NA
"232",0.24,0.4,-0.23,-0.09,-0.19,0,1,0,0,0,NA,NA,NA,NA,NA
"233",-0.39,-0.19,-0.11,0.13,0.01,0,0,0,0,0,NA,NA,NA,NA,NA
"234",-0.55,-0.34,-0.13,-0.07,0.08,1,0,0,0,0,NA,NA,NA,NA,NA
"235",0.22,-0.25,0.27,0.2,0.32,0,0,0,0,1,NA,NA,NA,NA,NA
"236",-0.49,-0.32,0.23,0.16,0.33,1,0,0,0,1,NA,NA,NA,NA,NA
"237",-0.06,-0.36,-0.17,-0.01,-0.16,0,1,0,0,0,NA,NA,NA,NA,NA
"238",-0.17,-0.12,-0.61,-0.59,-0.47,0,0,2,2,1,NA,NA,NA,NA,NA
"239",-0.51,-0.22,0.21,0.31,0.19,1,0,0,1,0,NA,NA,NA,NA,NA
"240",0.25,-0.22,0.25,0.22,0.32,0,0,0,0,1,NA,NA,NA,NA,NA
"241",0.55,-0.24,0.05,0,-0.07,1,0,0,0,0,NA,NA,NA,NA,NA
"242",0.36,0.15,-0.16,-0.12,-0.18,0,0,0,0,0,NA,NA,NA,NA,NA
"243",0.02,0.13,-0.52,-0.2,-0.44,0,0,1,0,1,NA,NA,NA,NA,NA
"244",0.73,0.29,-0.05,-0.07,-0.07,1,0,0,0,0,NA,NA,NA,NA,NA
"245",0.32,-0.55,0.14,0.12,-0.07,0,1,0,0,0,NA,NA,NA,NA,NA
"246",-0.29,-0.47,0.03,-0.16,0.03,0,1,0,0,0,NA,NA,NA,NA,NA
"247",0.14,0.4,-0.19,-0.09,-0.09,0,1,0,0,0,NA,NA,NA,NA,NA
"248",0.2,-0.56,0.1,0.15,-0.05,0,1,0,0,0,NA,NA,NA,NA,NA
"249",-0.07,0.55,-0.22,0,-0.05,0,1,0,0,0,NA,NA,NA,NA,NA
"250",0.04,-0.46,-0.22,-0.08,-0.26,0,1,0,0,0,NA,NA,NA,NA,NA
"251",-0.22,-0.34,-0.22,-0.07,-0.06,0,0,0,0,0,NA,NA,NA,NA,NA
"252",-0.33,-0.49,-0.03,0,-0.01,0,1,0,0,0,NA,NA,NA,NA,NA
"253",0.54,-0.5,0.14,0.01,-0.02,1,1,0,0,0,NA,NA,NA,NA,NA
"254",0.07,-0.46,-0.08,-0.17,-0.16,0,1,0,0,0,NA,NA,NA,NA,NA
"255",-0.08,-0.49,-0.08,-0.08,-0.1,0,1,0,0,0,NA,NA,NA,NA,NA
"256",-0.58,0.59,0.17,0.09,0.3,1,1,0,0,1,NA,NA,NA,NA,NA
"257",0.38,0.39,-0.1,0.03,-0.07,0,1,0,0,0,NA,NA,NA,NA,NA
"258",0.01,0.71,-0.28,-0.09,0.03,0,2,0,0,0,NA,NA,NA,NA,NA
"259",-0.6,0.63,0.08,0,0.06,1,2,0,0,0,NA,NA,NA,NA,NA
"260",-0.37,0.63,-0.39,-0.21,-0.03,0,2,1,0,0,NA,NA,NA,NA,NA
"261",-0.21,-0.14,-0.13,0.03,0.07,0,0,0,0,0,NA,NA,NA,NA,NA
"262",0.61,0.44,-0.28,-0.13,-0.31,1,1,0,0,1,NA,NA,NA,NA,NA
"263",-0.02,0.47,-0.21,0.04,-0.08,0,1,0,0,0,NA,NA,NA,NA,NA
"264",0.75,0.3,-0.19,-0.14,-0.25,2,0,0,0,0,NA,NA,NA,NA,NA
"265",-0.29,0.72,0,-0.01,0.2,0,2,0,0,0,NA,NA,NA,NA,NA
"266",-0.07,-0.02,-0.21,-0.05,-0.18,0,0,0,0,0,NA,NA,NA,NA,NA
"267",-0.28,0.07,-0.01,0.04,0.2,0,0,0,0,0,NA,NA,NA,NA,NA
"268",0.24,-0.26,-0.1,-0.05,-0.2,0,0,0,0,0,NA,NA,NA,NA,NA
"269",0.48,-0.47,0.06,-0.01,-0.13,1,1,0,0,0,NA,NA,NA,NA,NA
"270",0.98,0.51,0.38,0.12,0.49,3,1,1,0,1,NA,NA,NA,NA,NA
"271",-0.21,0.5,0,-0.21,-0.18,0,1,0,0,0,NA,NA,NA,NA,NA
"272",-0.22,-0.25,-0.24,-0.17,-0.19,0,0,0,0,0,NA,NA,NA,NA,NA
"273",0.01,0.13,-0.31,-0.18,-0.2,0,0,1,0,0,NA,NA,NA,NA,NA
"274",0.34,0.72,-0.16,-0.05,0,0,2,0,0,0,NA,NA,NA,NA,NA
"275",0.6,0.51,-0.12,-0.07,0.01,1,1,0,0,0,NA,NA,NA,NA,NA
"276",0.98,0.19,0.2,0.19,0.18,3,0,0,0,0,NA,NA,NA,NA,NA
"277",0.32,0.36,-0.26,-0.15,-0.2,0,1,0,0,0,NA,NA,NA,NA,NA
"278",0.61,-0.31,0.17,0.13,0.07,1,0,0,0,0,NA,NA,NA,NA,NA
"279",0.31,0.27,0.25,0.07,0.38,0,0,0,0,1,NA,NA,NA,NA,NA
"280",0.45,-0.58,0.2,0.07,0.07,1,1,0,0,0,NA,NA,NA,NA,NA
"281",0.44,0.25,0.01,0.06,-0.05,1,0,0,0,0,NA,NA,NA,NA,NA
"282",-0.12,-0.11,-0.09,-0.06,0.03,0,0,0,0,0,NA,NA,NA,NA,NA
"283",-0.19,-0.64,-0.23,-0.32,-0.17,0,2,0,1,0,NA,NA,NA,NA,NA
"284",-0.32,-0.2,-0.05,-0.02,-0.02,0,0,0,0,0,NA,NA,NA,NA,NA
"285",-0.03,0.57,-0.3,-0.22,-0.06,0,1,0,0,0,NA,NA,NA,NA,NA
"286",-0.37,0.09,-0.13,-0.13,-0.13,0,0,0,0,0,NA,NA,NA,NA,NA
"287",-0.12,-0.38,0.04,0.16,-0.06,0,1,0,0,0,NA,NA,NA,NA,NA
"288",-0.9,0.3,0.18,0.11,0.29,2,0,0,0,1,NA,NA,NA,NA,NA
"289",-0.74,-0.31,-0.04,-0.13,0.19,2,0,0,0,0,NA,NA,NA,NA,NA
"290",-1.06,-0.03,0.18,0,0.39,3,0,0,0,1,NA,NA,NA,NA,NA
"291",-0.91,0.52,0.05,0.03,0.08,2,1,0,0,0,NA,NA,NA,NA,NA
"292",-0.06,0.16,-0.4,-0.32,-0.16,0,0,1,1,0,NA,NA,NA,NA,NA
"293",0.18,-0.56,-0.06,-0.16,-0.18,0,1,0,0,0,NA,NA,NA,NA,NA
"294",-0.13,-0.32,0.26,0.26,0.32,0,0,0,0,1,NA,NA,NA,NA,NA
"295",-0.33,0.58,-0.23,-0.08,0.19,0,1,0,0,0,NA,NA,NA,NA,NA
"296",-0.09,-0.53,0.01,0,-0.11,0,1,0,0,0,NA,NA,NA,NA,NA
"297",-0.11,-0.47,0.01,0.09,0,0,1,0,0,0,NA,NA,NA,NA,NA
"298",-0.79,0.02,0.45,-0.15,0.09,2,0,1,0,0,NA,NA,NA,NA,NA
"299",-0.77,-0.18,0.15,-0.16,0,2,0,0,0,0,NA,NA,NA,NA,NA
"300",-0.22,0.51,-0.32,-0.09,0.02,0,1,1,0,0,NA,NA,NA,NA,NA
"301",-0.91,0.51,0.07,0.21,0.1,2,1,0,0,0,NA,NA,NA,NA,NA
"302",0.67,0.59,-0.08,-0.21,-0.16,1,1,0,0,0,NA,NA,NA,NA,NA
"303",-0.26,-0.4,0.02,0.06,0.08,0,1,0,0,0,NA,NA,NA,NA,NA
"304",0.53,0.44,-0.12,-0.04,-0.14,1,1,0,0,0,NA,NA,NA,NA,NA
"305",-1.15,0.22,0.6,0.07,0.43,4,0,2,0,1,NA,NA,NA,NA,NA
"306",-0.57,-0.19,-0.18,-0.11,0.05,1,0,0,0,0,NA,NA,NA,NA,NA
"307",-0.03,-0.35,-0.01,-0.03,-0.11,0,0,0,0,0,NA,NA,NA,NA,NA
"308",-0.78,0.15,0.11,0.24,0.06,2,0,0,0,0,NA,NA,NA,NA,NA
"309",-0.25,0.22,-0.11,-0.11,0.08,0,0,0,0,0,NA,NA,NA,NA,NA
"310",0.43,0.2,0.09,0.12,-0.03,1,0,0,0,0,NA,NA,NA,NA,NA
"311",0,-0.37,0.02,-0.1,-0.18,0,1,0,0,0,NA,NA,NA,NA,NA
"312",0.08,-0.28,0.28,0.31,0.35,0,0,0,1,1,NA,NA,NA,NA,NA
"313",0.01,-0.37,-0.24,-0.08,-0.25,0,1,0,0,0,NA,NA,NA,NA,NA
"314",0.82,-0.3,0.48,0.23,0.3,2,0,1,0,1,NA,NA,NA,NA,NA
"315",1.15,0.54,0.34,0.15,0.42,4,1,1,0,1,NA,NA,NA,NA,NA
"316",0.4,-0.02,0.11,0.14,-0.03,0,0,0,0,0,NA,NA,NA,NA,NA
"317",0.4,-0.32,0.13,0.19,-0.05,0,0,0,0,0,NA,NA,NA,NA,NA
"318",0.66,-0.21,0.1,0.03,0.01,1,0,0,0,0,NA,NA,NA,NA,NA
"319",-0.21,-0.24,-0.07,-0.07,0.15,0,0,0,0,0,NA,NA,NA,NA,NA
"320",0.14,-0.12,-0.3,-0.19,-0.44,0,0,0,0,1,NA,NA,NA,NA,NA
"321",-0.04,-0.4,-0.07,-0.18,-0.13,0,1,0,0,0,NA,NA,NA,NA,NA
"322",0.49,0.2,-0.19,-0.2,-0.21,1,0,0,0,0,NA,NA,NA,NA,NA
"323",-0.7,0.63,0.47,0,0.17,1,2,1,0,0,NA,NA,NA,NA,NA
"324",0.26,-0.55,-0.06,0,-0.27,0,1,0,0,0,NA,NA,NA,NA,NA
"325",-0.08,0.35,-0.27,-0.05,-0.14,0,1,0,0,0,NA,NA,NA,NA,NA
"326",-0.19,0.76,-0.05,0.01,0,0,2,0,0,0,NA,NA,NA,NA,NA
"327",-0.19,0.29,-0.37,-0.08,-0.26,0,0,1,0,0,NA,NA,NA,NA,NA
"328",-0.16,0,-0.32,-0.07,-0.16,0,0,1,0,0,NA,NA,NA,NA,NA
"329",0.96,-0.4,0.62,0.31,0.45,3,1,2,1,1,NA,NA,NA,NA,NA
"330",-0.76,-0.22,-0.06,0.06,0.31,2,0,0,0,1,NA,NA,NA,NA,NA
"331",0.28,-0.42,-0.04,-0.09,-0.16,0,1,0,0,0,NA,NA,NA,NA,NA
"332",-0.55,-0.09,-0.03,0.19,0.14,1,0,0,0,0,NA,NA,NA,NA,NA
"333",0.09,-0.59,0.11,0.14,-0.07,0,1,0,0,0,NA,NA,NA,NA,NA
"334",-0.61,-0.11,0.13,0.11,0.32,1,0,0,0,1,NA,NA,NA,NA,NA
"335",0.01,-0.48,-0.06,-0.09,-0.18,0,1,0,0,0,NA,NA,NA,NA,NA
"336",0.46,-0.52,0.24,0.2,0.02,1,1,0,0,0,NA,NA,NA,NA,NA
"337",0.23,0.28,0.05,-0.05,-0.12,0,0,0,0,0,NA,NA,NA,NA,NA
"338",0.28,-0.3,0.04,0.01,-0.13,0,0,0,0,0,NA,NA,NA,NA,NA
"339",0.01,0.87,-0.11,2.08,-1.79,0,3,0,24,19,NA,NA,NA,NA,NA
"340",0.22,0.65,-0.21,-0.32,-0.21,0,2,0,1,0,NA,NA,NA,NA,NA
"341",0.39,0.42,-0.23,-0.1,-0.25,0,1,0,0,0,NA,NA,NA,NA,NA
"342",-0.43,-0.24,-0.01,-0.03,0.17,1,0,0,0,0,NA,NA,NA,NA,NA
"343",0.38,0.18,-0.18,-0.09,-0.23,0,0,0,0,0,NA,NA,NA,NA,NA
"344",-0.67,0.34,0.36,0.08,0.06,1,0,1,0,0,NA,NA,NA,NA,NA
"345",0.45,0.35,-0.15,-0.11,-0.16,1,0,0,0,0,NA,NA,NA,NA,NA
"346",-0.05,0.34,-0.28,1.5,-1.66,0,0,0,13,16,NA,NA,NA,NA,NA
"347",-0.64,0.55,-0.21,-0.05,0.04,1,1,0,0,0,NA,NA,NA,NA,NA
"348",0.11,0.35,-0.17,-0.23,-0.27,0,0,0,0,0,NA,NA,NA,NA,NA
"349",0.74,-0.44,0.4,0.14,0.23,2,1,1,0,0,NA,NA,NA,NA,NA
"350",0.88,0.41,0.16,0.06,0.19,2,1,0,0,0,NA,NA,NA,NA,NA
"351",0.22,-0.44,0.09,0.12,-0.01,0,1,0,0,0,NA,NA,NA,NA,NA
"352",-0.07,0.03,-0.28,-0.07,-0.07,0,0,0,0,0,NA,NA,NA,NA,NA
"353",0.35,-0.28,-0.08,-0.12,-0.13,0,0,0,0,0,NA,NA,NA,NA,NA
"354",-0.34,-0.27,0.09,0.14,0.17,0,0,0,0,0,NA,NA,NA,NA,NA
"355",0.08,-0.43,-0.08,0.05,-0.18,0,1,0,0,0,NA,NA,NA,NA,NA
"356",-0.2,-0.45,-0.01,-0.09,-0.1,0,1,0,0,0,NA,NA,NA,NA,NA
"357",-0.24,-0.48,0.47,0.28,0.7,0,1,1,0,3,NA,NA,NA,NA,NA
"358",0.12,0.16,-0.13,0.09,-0.23,0,0,0,0,0,NA,NA,NA,NA,NA
"359",0.23,0.15,-0.03,0.08,-0.06,0,0,0,0,0,NA,NA,NA,NA,NA
"360",0.06,0.08,-0.16,0.11,-0.3,0,0,0,0,1,NA,NA,NA,NA,NA
"361",-0.13,-0.03,-0.12,0.04,-0.1,0,0,0,0,0,NA,NA,NA,NA,NA
"362",0.15,-0.39,0.05,0.02,-0.12,0,1,0,0,0,NA,NA,NA,NA,NA
"363",0.22,0.82,0.21,0.06,0.15,0,3,0,0,0,NA,NA,NA,NA,NA
"364",-0.38,-0.25,-0.04,0.01,0.11,0,0,0,0,0,NA,NA,NA,NA,NA
"365",0.35,0.38,-0.23,-0.18,-0.16,0,1,0,0,0,NA,NA,NA,NA,NA
"366",-0.34,-0.06,-0.19,-0.09,0.05,0,0,0,0,0,NA,NA,NA,NA,NA
"367",0.41,0.49,-0.23,-0.01,-0.27,0,1,0,0,0,NA,NA,NA,NA,NA
"368",-0.72,0.03,-0.27,-0.1,0.08,1,0,0,0,0,NA,NA,NA,NA,NA
"369",-0.14,-0.15,-0.22,-0.11,-0.14,0,0,0,0,0,NA,NA,NA,NA,NA
"370",0.06,-0.31,-0.06,-0.04,-0.12,0,0,0,0,0,NA,NA,NA,NA,NA
"371",0.82,0.4,-0.13,-0.12,-0.16,2,1,0,0,0,NA,NA,NA,NA,NA
"372",-0.33,-0.62,0.08,-0.01,0.02,0,2,0,0,0,NA,NA,NA,NA,NA
"373",-0.17,-0.61,0.02,-0.04,0.1,0,2,0,0,0,NA,NA,NA,NA,NA
"374",0.23,0.04,-0.15,-0.16,-0.12,0,0,0,0,0,NA,NA,NA,NA,NA
"375",0.37,-0.34,-0.11,-0.03,-0.16,0,0,0,0,0,NA,NA,NA,NA,NA
"376",0.08,-0.47,-0.08,-0.09,-0.12,0,1,0,0,0,NA,NA,NA,NA,NA
"377",-0.59,0.44,0.05,0.11,0.12,1,1,0,0,0,NA,NA,NA,NA,NA
"378",-0.48,-0.12,0.5,0.01,0.03,1,0,1,0,0,NA,NA,NA,NA,NA
"379",-0.19,0.35,-0.34,-0.11,-0.11,0,0,1,0,0,NA,NA,NA,NA,NA
"380",0.67,0.47,-0.13,0.11,-0.36,1,1,0,0,1,NA,NA,NA,NA,NA
"381",-0.45,-0.22,-0.04,-0.03,0.06,1,0,0,0,0,NA,NA,NA,NA,NA
"382",-0.37,-0.15,0.05,0.02,0.27,0,0,0,0,0,NA,NA,NA,NA,NA
"383",-0.2,0.06,-0.42,-0.3,-0.19,0,0,1,1,0,NA,NA,NA,NA,NA
"384",0.66,0.4,-0.22,-0.16,-0.21,1,1,0,0,0,NA,NA,NA,NA,NA
"385",0.19,-0.32,-0.28,-0.31,-0.35,0,0,0,1,1,NA,NA,NA,NA,NA
"386",0.12,-0.37,0.16,0.13,0.05,0,1,0,0,0,NA,NA,NA,NA,NA
"387",0.02,0.15,-0.23,-0.11,-0.13,0,0,0,0,0,NA,NA,NA,NA,NA
"388",-0.16,0.27,-0.26,-0.06,-0.17,0,0,0,0,0,NA,NA,NA,NA,NA
"389",-0.28,-0.37,0,-0.1,-0.07,0,1,0,0,0,NA,NA,NA,NA,NA
"390",0.67,-0.5,0.48,0.17,0.35,1,1,1,0,1,NA,NA,NA,NA,NA
"391",0.08,-0.49,-0.12,-0.12,-0.23,0,1,0,0,0,NA,NA,NA,NA,NA
"392",-0.39,-0.41,-0.07,-0.13,0.1,0,1,0,0,0,NA,NA,NA,NA,NA
"393",0.21,-0.32,-0.16,-0.13,-0.29,0,0,0,0,0,NA,NA,NA,NA,NA
"394",-0.2,-0.25,-0.09,0.05,-0.01,0,0,0,0,0,NA,NA,NA,NA,NA
"395",0.79,0.49,-0.12,-0.11,-0.16,2,1,0,0,0,NA,NA,NA,NA,NA
"396",0.44,-0.48,0.35,0.12,0.29,1,1,1,0,0,NA,NA,NA,NA,NA
"397",0.03,-0.44,0.18,0.18,0.06,0,1,0,0,0,NA,NA,NA,NA,NA
"398",0.64,0.35,-0.12,-0.1,-0.15,1,1,0,0,0,NA,NA,NA,NA,NA
"399",0.64,-0.54,0.36,0.12,0.18,1,1,1,0,0,NA,NA,NA,NA,NA
"400",-0.45,0.13,-0.23,-0.03,0.06,1,0,0,0,0,NA,NA,NA,NA,NA
"401",-0.11,0.22,-0.23,-0.24,-0.31,0,0,0,0,1,NA,NA,NA,NA,NA
"402",0.14,-0.11,-0.1,-0.09,-0.21,0,0,0,0,0,NA,NA,NA,NA,NA
"403",-0.2,-0.47,0.25,0.14,0.14,0,1,0,0,0,NA,NA,NA,NA,NA
"404",0.53,0.24,-0.24,-0.21,-0.15,1,0,0,0,0,NA,NA,NA,NA,NA
"405",-0.54,0.18,0.13,0.14,0.24,1,0,0,0,0,NA,NA,NA,NA,NA
"406",-0.43,-0.19,-0.04,-0.15,-0.02,1,0,0,0,0,NA,NA,NA,NA,NA
"407",-0.4,-0.35,0.37,0.1,0.47,0,0,1,0,1,NA,NA,NA,NA,NA
"408",0.54,0.07,0.51,0.24,0.41,1,0,1,0,1,NA,NA,NA,NA,NA
"409",-0.11,-0.64,0.16,-0.06,0.17,0,2,0,0,0,NA,NA,NA,NA,NA
"410",0.04,0.61,-0.21,0.01,-0.12,0,2,0,0,0,NA,NA,NA,NA,NA
"411",-0.34,-0.28,0.27,0.32,0.42,0,0,0,1,1,NA,NA,NA,NA,NA
"412",-0.45,-0.06,-0.16,0.07,-0.1,1,0,0,0,0,NA,NA,NA,NA,NA
"413",-0.53,-0.3,0.19,0.12,0.23,1,0,0,0,0,NA,NA,NA,NA,NA
"414",-0.49,0.63,0.05,-0.02,0.24,1,2,0,0,0,NA,NA,NA,NA,NA
"415",-0.74,0.26,-0.24,-0.11,0.02,2,0,0,0,0,NA,NA,NA,NA,NA
"416",-0.2,0.7,-0.12,-0.03,0.05,0,2,0,0,0,NA,NA,NA,NA,NA
"417",0.16,0.38,-0.27,-0.16,-0.07,0,1,0,0,0,NA,NA,NA,NA,NA
"418",-0.17,-0.06,0,0.03,-0.16,0,0,0,0,0,NA,NA,NA,NA,NA
"419",0.28,-0.32,-0.13,0.05,-0.22,0,0,0,0,0,NA,NA,NA,NA,NA
"420",-0.16,-0.22,-0.1,-0.02,-0.02,0,0,0,0,0,NA,NA,NA,NA,NA
"421",-0.3,-0.46,0.13,0.18,0.11,0,1,0,0,0,NA,NA,NA,NA,NA
"422",0.55,-0.5,0.13,0,-0.09,1,1,0,0,0,NA,NA,NA,NA,NA
"423",0.03,-0.16,0.12,0.18,0.11,0,0,0,0,0,NA,NA,NA,NA,NA
"424",0.33,-0.52,0.01,-0.07,-0.15,0,1,0,0,0,NA,NA,NA,NA,NA
"425",0.02,-0.01,-0.25,-0.12,-0.14,0,0,0,0,0,NA,NA,NA,NA,NA
"426",-0.35,-0.22,0.04,0.03,0,0,0,0,0,0,NA,NA,NA,NA,NA
"427",-0.3,0.46,0.12,-0.16,0.02,0,1,0,0,0,NA,NA,NA,NA,NA
"428",-0.04,-0.4,-0.02,-0.04,-0.06,0,1,0,0,0,NA,NA,NA,NA,NA
"429",-0.09,0.63,-0.05,-0.01,0.05,0,2,0,0,0,NA,NA,NA,NA,NA
"430",0.44,-0.33,0.14,0.1,0.04,1,0,0,0,0,NA,NA,NA,NA,NA
"431",-0.1,0.64,-0.15,0.04,0.12,0,2,0,0,0,NA,NA,NA,NA,NA
"432",0.02,-0.61,-0.15,-0.14,-0.17,0,2,0,0,0,NA,NA,NA,NA,NA
"433",0.22,-0.56,0.13,0.05,-0.06,0,1,0,0,0,NA,NA,NA,NA,NA
"434",-0.45,0.27,-0.18,-0.16,0.02,1,0,0,0,0,NA,NA,NA,NA,NA
"435",-0.08,0.79,-0.23,-0.08,0.12,0,3,0,0,0,NA,NA,NA,NA,NA
"436",-0.54,0.34,-0.09,0.05,0.11,1,0,0,0,0,NA,NA,NA,NA,NA
"437",-0.29,0.36,-0.28,-0.13,0.1,0,1,0,0,0,NA,NA,NA,NA,NA
"438",-0.97,0.16,0.18,0.23,0.45,3,0,0,0,1,NA,NA,NA,NA,NA
"439",-0.91,0.09,0.43,0.25,0.52,2,0,1,0,2,NA,NA,NA,NA,NA
"440",-0.72,-0.23,-0.13,-0.15,0.16,1,0,0,0,0,NA,NA,NA,NA,NA
"441",-0.82,-0.13,0.07,0.07,0.46,2,0,0,0,1,NA,NA,NA,NA,NA
"442",-0.63,0.61,0.01,0.11,0.44,1,2,0,0,1,NA,NA,NA,NA,NA
"443",0.01,0.38,-0.25,-0.01,-0.11,0,1,0,0,0,NA,NA,NA,NA,NA
"444",0.54,0.58,0.1,0.04,0.29,1,1,0,0,0,NA,NA,NA,NA,NA
"445",-0.59,0.44,-0.14,-0.04,0.29,1,1,0,0,1,NA,NA,NA,NA,NA
"446",-0.11,0.44,-0.01,0.01,0.18,0,1,0,0,0,NA,NA,NA,NA,NA
"447",-0.31,0.08,-0.31,-0.26,-0.17,0,0,1,0,0,NA,NA,NA,NA,NA
"448",-0.08,-0.51,-0.02,-0.07,-0.01,0,1,0,0,0,NA,NA,NA,NA,NA
"449",1.24,0.62,0.37,0.18,0.49,4,2,1,0,1,NA,NA,NA,NA,NA
"450",-0.14,-0.06,-0.07,0.04,0.05,0,0,0,0,0,NA,NA,NA,NA,NA
"451",-0.2,-0.37,0.04,0.16,-0.01,0,1,0,0,0,NA,NA,NA,NA,NA
"452",-0.18,-0.19,-0.07,0.09,-0.15,0,0,0,0,0,NA,NA,NA,NA,NA
"453",0.22,-0.05,-0.12,-0.08,-0.11,0,0,0,0,0,NA,NA,NA,NA,NA
"454",0.06,-0.08,-0.07,-0.05,-0.18,0,0,0,0,0,NA,NA,NA,NA,NA
"455",-0.02,-0.12,-0.09,-0.08,-0.01,0,0,0,0,0,NA,NA,NA,NA,NA
"456",0.07,-0.59,-0.08,-0.13,-0.14,0,1,0,0,0,NA,NA,NA,NA,NA
"457",0.24,0.27,-0.02,-0.12,-0.17,0,0,0,0,0,NA,NA,NA,NA,NA
"458",-0.46,-0.02,0.03,0.14,0.13,1,0,0,0,0,NA,NA,NA,NA,NA
"459",0.3,0.06,-0.32,-0.27,-0.24,0,0,1,0,0,NA,NA,NA,NA,NA
"460",0.83,-0.33,0.28,0.1,0.1,2,0,0,0,0,NA,NA,NA,NA,NA
"461",0.35,0.52,-0.27,-0.14,-0.15,0,1,0,0,0,NA,NA,NA,NA,NA
"462",0.2,-0.02,-0.14,0.05,-0.22,0,0,0,0,0,NA,NA,NA,NA,NA
"463",0.53,0.31,-0.24,-0.19,-0.24,1,0,0,0,0,NA,NA,NA,NA,NA
"464",0.26,-0.48,0,0.1,-0.18,0,1,0,0,0,NA,NA,NA,NA,NA
"465",0.48,-0.27,-0.1,-0.11,-0.19,1,0,0,0,0,NA,NA,NA,NA,NA
"466",0.73,-0.46,0.28,0.08,0.12,2,1,0,0,0,NA,NA,NA,NA,NA
"467",-0.98,0.11,0.18,0.34,0.36,3,0,0,1,1,NA,NA,NA,NA,NA
"468",-0.06,-0.32,-0.22,-0.04,-0.19,0,0,0,0,0,NA,NA,NA,NA,NA
"469",-0.23,-0.09,-0.06,0.24,0,0,0,0,0,0,NA,NA,NA,NA,NA
"470",0.08,0.23,-0.11,-0.06,-0.02,0,0,0,0,0,NA,NA,NA,NA,NA
"471",0.88,-0.09,0.59,0.34,0.58,2,0,2,1,2,NA,NA,NA,NA,NA
"472",-0.45,-0.03,0.06,0.06,0.17,1,0,0,0,0,NA,NA,NA,NA,NA
"473",-0.4,1.18,0.33,0.18,0.15,0,6,1,0,0,NA,NA,NA,NA,NA
"474",-0.13,0.51,-0.02,0.11,0.39,0,1,0,0,1,NA,NA,NA,NA,NA
"475",-0.61,-0.16,-0.23,-0.11,0.09,1,0,0,0,0,NA,NA,NA,NA,NA
"476",-0.44,0.39,-0.31,0.03,-0.08,1,1,0,0,0,NA,NA,NA,NA,NA
"477",0.39,0.15,-0.23,-0.14,-0.13,0,0,0,0,0,NA,NA,NA,NA,NA
"478",-0.05,-0.11,-0.2,-0.08,-0.22,0,0,0,0,0,NA,NA,NA,NA,NA
"479",0.38,-0.37,-0.09,-0.09,-0.23,0,1,0,0,0,NA,NA,NA,NA,NA
"480",-0.59,-0.08,-0.1,0.04,0.2,1,0,0,0,0,NA,NA,NA,NA,NA
"481",-0.04,0.27,-0.17,0.02,0.01,0,0,0,0,0,NA,NA,NA,NA,NA
"482",0.22,-0.66,0.04,-0.01,-0.11,0,2,0,0,0,NA,NA,NA,NA,NA
"483",0.05,-0.56,0.09,-0.04,0.13,0,1,0,0,0,NA,NA,NA,NA,NA
"484",0.08,0.52,-0.38,-0.2,-0.22,0,1,1,0,0,NA,NA,NA,NA,NA
"485",-0.86,-0.13,0.16,0.01,0.34,2,0,0,0,1,NA,NA,NA,NA,NA
"486",0.25,-0.55,0.08,-0.13,-0.05,0,1,0,0,0,NA,NA,NA,NA,NA
"487",-0.03,0.67,-0.27,-0.03,-0.02,0,2,0,0,0,NA,NA,NA,NA,NA
"488",-0.58,0.44,0.02,0.2,0.02,1,1,0,0,0,NA,NA,NA,NA,NA
"489",0.26,-0.64,0.03,0.01,-0.1,0,2,0,0,0,NA,NA,NA,NA,NA
"490",-0.05,-0.46,0,0.01,-0.06,0,1,0,0,0,NA,NA,NA,NA,NA
"491",-0.26,-0.05,-0.23,-0.18,-0.04,0,0,0,0,0,NA,NA,NA,NA,NA
"492",-0.89,0.08,0.71,0.11,0.39,2,0,3,0,1,NA,NA,NA,NA,NA
"493",0.2,-0.03,0.48,-0.08,0.02,0,0,1,0,0,NA,NA,NA,NA,NA
"494",0.72,0.42,-0.2,-0.16,-0.18,1,1,0,0,0,NA,NA,NA,NA,NA
"495",0.37,-0.54,0.26,0.17,0.1,0,1,0,0,0,NA,NA,NA,NA,NA
"496",0.11,-0.46,-0.05,-0.07,-0.11,0,1,0,0,0,NA,NA,NA,NA,NA
"497",0.51,-0.44,-0.11,-0.1,-0.3,1,1,0,0,1,NA,NA,NA,NA,NA
"498",-0.34,-0.01,-0.1,-0.13,-0.04,0,0,0,0,0,NA,NA,NA,NA,NA
"499",1.5,0.42,0.83,0.45,0.94,6,1,4,1,5,NA,NA,NA,NA,NA
"500",0.61,0.33,-0.08,-0.11,-0.06,1,0,0,0,0,NA,NA,NA,NA,NA
"501",1.05,0.56,0.16,0.08,0.22,3,1,0,0,0,NA,NA,NA,NA,NA
"502",0.36,0.19,-0.23,-0.19,-0.28,0,0,0,0,0,NA,NA,NA,NA,NA
"503",0.17,-0.45,-0.05,-0.03,-0.16,0,1,0,0,0,NA,NA,NA,NA,NA
"504",-0.62,0.33,0.07,-0.08,0.05,1,0,0,0,0,NA,NA,NA,NA,NA
"505",0.41,0.56,-0.3,-0.17,-0.17,0,1,0,0,0,NA,NA,NA,NA,NA
"506",-0.35,0.54,-0.09,0.06,0.03,0,1,0,0,0,NA,NA,NA,NA,NA
"507",0.33,0.32,-0.23,-0.14,-0.21,0,0,0,0,0,NA,NA,NA,NA,NA
"508",-0.61,-0.05,-0.12,-0.04,0.19,1,0,0,0,0,NA,NA,NA,NA,NA
"509",0.79,0.49,-0.12,-0.11,-0.16,2,1,0,0,0,NA,NA,NA,NA,NA
"510",0.18,-0.41,-0.15,-0.15,-0.24,0,1,0,0,0,NA,NA,NA,NA,NA
"511",0.07,0.32,-0.33,-0.26,-0.08,0,0,1,0,0,NA,NA,NA,NA,NA
"512",-1.17,0.49,0.56,0.52,0.49,4,1,2,2,1,NA,NA,NA,NA,NA
"513",-0.51,-0.07,-0.06,0.05,0.02,1,0,0,0,0,NA,NA,NA,NA,NA
"514",0.35,-0.13,-0.17,-0.13,-0.27,0,0,0,0,0,NA,NA,NA,NA,NA
"515",-0.73,0.28,0.06,0.05,0.14,1,0,0,0,0,NA,NA,NA,NA,NA
"516",0.44,0.59,-0.18,-0.08,-0.08,1,1,0,0,0,NA,NA,NA,NA,NA
"517",0.28,-0.15,-0.28,-0.25,-0.3,0,0,0,0,1,NA,NA,NA,NA,NA
"518",1.17,0.3,0.33,0.15,0.34,4,0,1,0,1,NA,NA,NA,NA,NA
"519",0.44,0.3,-0.19,-0.15,-0.15,1,0,0,0,0,NA,NA,NA,NA,NA
"520",0.98,0.09,0.36,0.16,0.32,3,0,1,0,1,NA,NA,NA,NA,NA
"521",0.34,-0.57,0.3,0.1,0.23,0,1,0,0,0,NA,NA,NA,NA,NA
"522",-0.13,0.29,-0.19,0.09,-0.16,0,0,0,0,0,NA,NA,NA,NA,NA
"523",-0.29,-0.74,-0.15,-0.31,-0.11,0,2,0,1,0,NA,NA,NA,NA,NA
"524",-0.31,0.44,-0.13,0.17,0.09,0,1,0,0,0,NA,NA,NA,NA,NA
"525",0.63,0.29,-0.03,-0.04,-0.04,1,0,0,0,0,NA,NA,NA,NA,NA
"526",0.82,0.4,-0.13,-0.12,-0.16,2,1,0,0,0,NA,NA,NA,NA,NA
"527",-0.51,-0.13,-0.34,-0.23,0.01,1,0,1,0,0,NA,NA,NA,NA,NA
"528",-0.18,-0.56,-0.01,-0.02,-0.05,0,1,0,0,0,NA,NA,NA,NA,NA
"529",-0.44,-0.08,0.28,0.3,0.19,1,0,0,1,0,NA,NA,NA,NA,NA
"530",0.93,-0.4,0.62,0.26,0.47,2,1,2,0,1,NA,NA,NA,NA,NA
"531",-0.55,-0.15,0.27,0.27,0.31,1,0,0,0,1,NA,NA,NA,NA,NA
"532",0.06,-0.08,-0.16,-0.23,-0.3,0,0,0,0,1,NA,NA,NA,NA,NA
"533",0.24,0.39,-0.18,-0.01,-0.01,0,1,0,0,0,NA,NA,NA,NA,NA
"534",-0.38,-0.27,0.06,0.11,0.09,0,0,0,0,0,NA,NA,NA,NA,NA
"535",0.08,0.41,-0.17,-0.2,-0.1,0,1,0,0,0,NA,NA,NA,NA,NA
"536",-0.65,-0.11,-0.23,-0.09,0.15,1,0,0,0,0,NA,NA,NA,NA,NA
"537",0.35,0.06,0.06,0.01,0.04,0,0,0,0,0,NA,NA,NA,NA,NA
"538",-0.52,0.53,-0.04,0.01,0.02,1,1,0,0,0,NA,NA,NA,NA,NA
"539",-0.5,1.13,0.22,-0.18,0.04,1,5,0,0,0,NA,NA,NA,NA,NA
"540",-0.28,0.22,-0.07,0.09,0.04,0,0,0,0,0,NA,NA,NA,NA,NA
"541",-0.03,-0.48,-0.14,-0.18,-0.09,0,1,0,0,0,NA,NA,NA,NA,NA
"542",-0.47,0.21,-0.14,-0.04,-0.05,1,0,0,0,0,NA,NA,NA,NA,NA
"543",0.06,0.09,-0.03,0.18,-0.15,0,0,0,0,0,NA,NA,NA,NA,NA
"544",0.53,0.17,0.3,0.07,0.18,1,0,0,0,0,NA,NA,NA,NA,NA
"545",-0.7,1.05,0.44,0.01,0.27,1,5,1,0,0,NA,NA,NA,NA,NA
"546",-0.27,-0.41,0.25,0.16,0.17,0,1,0,0,0,NA,NA,NA,NA,NA
"547",0.43,0.6,-0.18,-0.06,-0.12,1,1,0,0,0,NA,NA,NA,NA,NA
"548",-0.65,-0.2,-0.04,0.1,0.18,1,0,0,0,0,NA,NA,NA,NA,NA
"549",0.31,0.48,-0.21,-0.1,-0.1,0,1,0,0,0,NA,NA,NA,NA,NA
"550",-0.09,0.84,0.03,-0.14,0.03,0,3,0,0,0,NA,NA,NA,NA,NA
"551",-0.08,0.25,-0.45,-0.33,-0.19,0,0,1,1,0,NA,NA,NA,NA,NA
"552",-0.07,0.37,-0.49,-0.17,-0.32,0,1,1,0,1,NA,NA,NA,NA,NA
"553",-0.91,0.49,0.23,0.23,0.32,2,1,0,0,1,NA,NA,NA,NA,NA
"554",0.24,0.01,-0.12,-0.11,-0.17,0,0,0,0,0,NA,NA,NA,NA,NA
"555",-0.33,-0.33,-0.17,-0.04,-0.12,0,0,0,0,0,NA,NA,NA,NA,NA
"556",0.08,-0.04,-0.3,-0.25,-0.22,0,0,0,0,0,NA,NA,NA,NA,NA
"557",-0.23,0,-0.19,-0.07,0.02,0,0,0,0,0,NA,NA,NA,NA,NA
"558",-0.12,0.2,0.43,0.16,0.35,0,0,1,0,1,NA,NA,NA,NA,NA
"559",0.43,0.01,-0.07,-0.14,-0.03,1,0,0,0,0,NA,NA,NA,NA,NA
"560",0.22,0.51,-0.37,-0.21,-0.16,0,1,1,0,0,NA,NA,NA,NA,NA
"561",-0.68,0.31,-0.12,0.04,0.19,1,0,0,0,0,NA,NA,NA,NA,NA
"562",-0.32,-0.2,-0.35,-0.38,-0.24,0,0,1,1,0,NA,NA,NA,NA,NA
"563",-0.6,1.09,0.31,0.02,0.24,1,5,0,0,0,NA,NA,NA,NA,NA
"564",0.75,-0.44,0.53,0.22,0.47,2,1,1,0,1,NA,NA,NA,NA,NA
"565",-0.33,0.05,0.03,-0.12,0.07,0,0,0,0,0,NA,NA,NA,NA,NA
"566",-0.23,-0.36,0.19,0.27,0.23,0,1,0,0,0,NA,NA,NA,NA,NA
"567",-0.19,0.6,-0.19,-0.06,0.2,0,1,0,0,0,NA,NA,NA,NA,NA
"568",-0.01,0.48,-0.21,-0.12,0.01,0,1,0,0,0,NA,NA,NA,NA,NA
"569",0.18,0.48,-0.18,-0.08,-0.04,0,1,0,0,0,NA,NA,NA,NA,NA
"570",-0.33,0.46,-0.32,0.05,-0.12,0,1,1,0,0,NA,NA,NA,NA,NA
"571",0.14,0.05,-0.23,-0.19,-0.14,0,0,0,0,0,NA,NA,NA,NA,NA
"572",-0.09,-0.14,-0.02,0.05,-0.03,0,0,0,0,0,NA,NA,NA,NA,NA
"573",-0.11,0.34,-0.42,-0.28,-0.26,0,0,1,0,0,NA,NA,NA,NA,NA
"574",-0.38,-0.15,-0.07,0.11,0.09,0,0,0,0,0,NA,NA,NA,NA,NA
"575",0.67,0.23,-0.1,-0.08,-0.21,1,0,0,0,0,NA,NA,NA,NA,NA
"576",-0.18,-0.46,0.16,0.01,0.12,0,1,0,0,0,NA,NA,NA,NA,NA
"577",-0.14,0.19,-0.45,-0.29,-0.26,0,0,1,0,0,NA,NA,NA,NA,NA
"578",0.11,-0.53,0.1,0.08,0.03,0,1,0,0,0,NA,NA,NA,NA,NA
"579",0.19,0.35,-0.18,0.01,-0.1,0,0,0,0,0,NA,NA,NA,NA,NA
"580",-0.25,0.41,-0.19,-0.11,-0.22,0,1,0,0,0,NA,NA,NA,NA,NA
"581",0.17,-0.67,-0.08,-0.17,-0.15,0,2,0,0,0,NA,NA,NA,NA,NA
"582",-0.07,-0.45,-0.11,-0.11,-0.06,0,1,0,0,0,NA,NA,NA,NA,NA
"583",0.23,-0.39,-0.17,-0.19,-0.19,0,1,0,0,0,NA,NA,NA,NA,NA
"584",0.03,-0.44,0,-0.04,-0.09,0,1,0,0,0,NA,NA,NA,NA,NA
"585",0.8,0.43,-0.12,-0.05,-0.2,2,1,0,0,0,NA,NA,NA,NA,NA
"586",0.36,0.03,-0.47,-0.23,-0.52,0,0,1,0,2,NA,NA,NA,NA,NA
"587",0.51,0.48,-0.33,-0.13,-0.32,1,1,1,0,1,NA,NA,NA,NA,NA
"588",-0.38,0.57,-0.07,0,0.42,0,1,0,0,1,NA,NA,NA,NA,NA
"589",0.06,-0.39,0.02,0.05,-0.06,0,1,0,0,0,NA,NA,NA,NA,NA
"590",0.29,-0.01,-0.13,-0.03,-0.19,0,0,0,0,0,NA,NA,NA,NA,NA
"591",0.48,-0.36,-0.02,-0.04,-0.15,1,1,0,0,0,NA,NA,NA,NA,NA
"592",-0.02,0.45,-0.4,-0.22,-0.18,0,1,1,0,0,NA,NA,NA,NA,NA
"593",-0.98,0.24,0.02,0.03,0.5,3,0,0,0,1,NA,NA,NA,NA,NA
"594",-0.14,0.23,-0.46,-0.34,-0.32,0,0,1,1,1,NA,NA,NA,NA,NA
"595",-0.09,-0.27,-0.22,-0.19,-0.17,0,0,0,0,0,NA,NA,NA,NA,NA
"596",0.21,-0.56,-0.01,-0.03,-0.21,0,1,0,0,0,NA,NA,NA,NA,NA
"597",0.01,-0.49,-0.25,-0.2,-0.24,0,1,0,0,0,NA,NA,NA,NA,NA
"598",0.71,-0.38,0.34,0.13,0.17,1,1,1,0,0,NA,NA,NA,NA,NA
"599",-0.16,-0.44,0.11,-0.16,-0.02,0,1,0,0,0,NA,NA,NA,NA,NA
"600",0.05,-0.45,-0.01,-0.12,-0.03,0,1,0,0,0,NA,NA,NA,NA,NA
"601",0.58,-0.17,0.23,-0.12,0.17,1,0,0,0,0,NA,NA,NA,NA,NA
"602",0.56,0.54,-0.03,0.08,-0.11,1,1,0,0,0,NA,NA,NA,NA,NA
"603",0.13,0.72,-0.04,-0.11,-0.1,0,2,0,0,0,NA,NA,NA,NA,NA
"604",0.15,0.36,-0.28,-0.03,-0.26,0,1,0,0,0,NA,NA,NA,NA,NA
"605",0.27,-0.37,-0.26,-0.21,-0.33,0,1,0,0,1,NA,NA,NA,NA,NA
"606",0.01,-0.48,0.01,-0.01,-0.18,0,1,0,0,0,NA,NA,NA,NA,NA
"607",-0.5,0.64,0.16,-0.09,0.11,1,2,0,0,0,NA,NA,NA,NA,NA
"608",-0.08,-0.37,0.12,0.15,0.12,0,1,0,0,0,NA,NA,NA,NA,NA
"609",-0.72,0.39,0.07,0.13,0.01,1,1,0,0,0,NA,NA,NA,NA,NA
"610",0.01,0.27,-0.27,-0.07,-0.2,0,0,0,0,0,NA,NA,NA,NA,NA
"611",-0.16,-0.15,0,-0.06,-0.05,0,0,0,0,0,NA,NA,NA,NA,NA
"612",0.21,0.51,-0.2,-0.32,-0.4,0,1,0,1,1,NA,NA,NA,NA,NA
"613",-0.25,-0.38,-0.13,-0.09,0.01,0,1,0,0,0,NA,NA,NA,NA,NA
"614",-0.64,0.1,0.11,0.12,0.23,1,0,0,0,0,NA,NA,NA,NA,NA
"615",-0.83,0.78,0.27,-0.32,-0.12,2,3,0,1,0,NA,NA,NA,NA,NA
"616",-0.81,0.02,0.1,-0.01,-0.04,2,0,0,0,0,NA,NA,NA,NA,NA
"617",-0.31,0.03,-0.24,-0.13,0.08,0,0,0,0,0,NA,NA,NA,NA,NA
"618",-0.8,-0.1,0.21,0.13,0.41,2,0,0,0,1,NA,NA,NA,NA,NA
"619",0.45,-0.53,0.19,0.07,0.04,1,1,0,0,0,NA,NA,NA,NA,NA
"620",0.42,0.44,-0.09,-0.08,0.01,0,1,0,0,0,NA,NA,NA,NA,NA
"621",0.16,0.49,-0.41,-0.22,-0.17,0,1,1,0,0,NA,NA,NA,NA,NA
"622",-0.07,0.57,-0.16,0.14,-0.03,0,1,0,0,0,NA,NA,NA,NA,NA
"623",-0.12,-0.25,0.18,0.27,0.19,0,0,0,0,0,NA,NA,NA,NA,NA
"624",-0.58,-0.38,0,0.01,0.22,1,1,0,0,0,NA,NA,NA,NA,NA
"625",0.78,0.29,-0.19,-0.17,-0.27,2,0,0,0,0,NA,NA,NA,NA,NA
"626",-0.11,-0.27,0.3,0.21,0.09,0,0,0,0,0,NA,NA,NA,NA,NA
"627",0.13,-0.48,0.09,0.11,-0.04,0,1,0,0,0,NA,NA,NA,NA,NA
"628",-0.5,-0.19,0.16,0.26,0.29,1,0,0,0,0,NA,NA,NA,NA,NA
"629",0.17,0.17,-0.04,0.06,0.07,0,0,0,0,0,NA,NA,NA,NA,NA
"630",-0.71,0.31,-0.24,-0.03,0,1,0,0,0,0,NA,NA,NA,NA,NA
"631",0.34,-0.43,0.33,0.18,0.24,0,1,1,0,0,NA,NA,NA,NA,NA
"632",-0.56,0.89,0.18,0.06,0.08,1,3,0,0,0,NA,NA,NA,NA,NA
"633",0.2,-0.54,-0.07,-0.04,-0.16,0,1,0,0,0,NA,NA,NA,NA,NA
"634",-0.19,0.7,0.05,-0.26,0,0,2,0,0,0,NA,NA,NA,NA,NA
"635",-0.18,0.25,0.12,0.18,-0.02,0,0,0,0,0,NA,NA,NA,NA,NA
"636",0.03,0.64,-0.14,-0.23,-0.11,0,2,0,0,0,NA,NA,NA,NA,NA
"637",-0.1,-0.17,-0.09,0.02,-0.12,0,0,0,0,0,NA,NA,NA,NA,NA
"638",-0.47,-0.24,-0.25,-0.04,-0.04,1,0,0,0,0,NA,NA,NA,NA,NA
"639",-0.36,-0.11,0,0.1,0.08,0,0,0,0,0,NA,NA,NA,NA,NA
"640",-0.22,-0.35,-0.04,-0.18,-0.08,0,0,0,0,0,NA,NA,NA,NA,NA
"641",0.35,0.33,-0.37,-0.28,-0.24,0,0,1,0,0,NA,NA,NA,NA,NA
"642",-0.33,-0.22,-0.2,-0.02,-0.06,0,0,0,0,0,NA,NA,NA,NA,NA
"643",0.11,-0.35,0.04,-0.07,-0.11,0,1,0,0,0,NA,NA,NA,NA,NA
"644",-0.36,-0.1,0.12,0.21,0.15,0,0,0,0,0,NA,NA,NA,NA,NA
"645",0.37,0.26,-0.13,0.02,-0.17,0,0,0,0,0,NA,NA,NA,NA,NA
"646",0.17,0.56,-0.2,-0.1,-0.03,0,1,0,0,0,NA,NA,NA,NA,NA
"647",-0.97,0.06,0.39,0.18,0.45,3,0,1,0,1,NA,NA,NA,NA,NA
"648",-0.33,-0.46,-0.09,-0.1,0.03,0,1,0,0,0,NA,NA,NA,NA,NA
"649",0.72,0.34,-0.26,-0.21,-0.28,1,0,0,0,0,NA,NA,NA,NA,NA
"650",-0.04,0.37,-0.36,-0.2,-0.08,0,1,1,0,0,NA,NA,NA,NA,NA
"651",0.1,-0.03,-0.15,-0.39,-0.3,0,0,0,1,1,NA,NA,NA,NA,NA
"652",0.01,-0.19,-0.15,-0.02,-0.19,0,0,0,0,0,NA,NA,NA,NA,NA
"653",-0.32,-0.1,-0.25,-0.35,-0.3,0,0,0,1,1,NA,NA,NA,NA,NA
"654",0.62,-0.01,-0.08,-0.12,-0.22,1,0,0,0,0,NA,NA,NA,NA,NA
"655",0.41,0.36,-0.2,-0.15,-0.09,0,1,0,0,0,NA,NA,NA,NA,NA
"656",-0.01,0.57,-0.46,-0.37,-0.16,0,1,1,1,0,NA,NA,NA,NA,NA
"657",-0.21,-0.03,0.03,0.14,0.11,0,0,0,0,0,NA,NA,NA,NA,NA
"658",0.36,-0.19,-0.25,-0.22,-0.29,0,0,0,0,0,NA,NA,NA,NA,NA
"659",0.19,-0.01,-0.36,-0.32,-0.22,0,0,1,1,0,NA,NA,NA,NA,NA
"660",0.24,-0.17,0.15,-0.01,0.01,0,0,0,0,0,NA,NA,NA,NA,NA
"661",-0.16,0.78,0.12,0.03,-0.03,0,2,0,0,0,NA,NA,NA,NA,NA
"662",0.33,0.39,-0.06,0.06,0.04,0,1,0,0,0,NA,NA,NA,NA,NA
"663",0.13,0.85,0.43,0.22,0.12,0,3,1,0,0,NA,NA,NA,NA,NA
"664",-0.07,-0.07,-0.03,-0.1,0.03,0,0,0,0,0,NA,NA,NA,NA,NA
"665",-0.24,-0.34,-0.08,-0.07,-0.05,0,0,0,0,0,NA,NA,NA,NA,NA
"666",-0.04,-0.62,-0.08,-0.22,-0.25,0,2,0,0,0,NA,NA,NA,NA,NA
"667",0.39,-0.58,0.11,-0.14,-0.07,0,1,0,0,0,NA,NA,NA,NA,NA
"668",0.33,-0.14,-0.14,-0.04,-0.22,0,0,0,0,0,NA,NA,NA,NA,NA
"669",-0.34,0.47,-0.16,-0.13,-0.09,0,1,0,0,0,NA,NA,NA,NA,NA
"670",-0.65,-0.15,0.33,0.25,0.46,1,0,1,0,1,NA,NA,NA,NA,NA
"671",0.1,-0.03,-0.11,-0.02,-0.09,0,0,0,0,0,NA,NA,NA,NA,NA
"672",0.15,0.68,-0.39,-0.11,-0.22,0,2,1,0,0,NA,NA,NA,NA,NA
"673",0.4,0,-0.16,0.02,-0.31,0,0,0,0,1,NA,NA,NA,NA,NA
"674",0.02,-0.43,0,-0.04,0.07,0,1,0,0,0,NA,NA,NA,NA,NA
"675",0,0.75,-0.37,-0.12,-0.2,0,2,1,0,0,NA,NA,NA,NA,NA
"676",-0.07,-0.04,-0.33,-0.26,-0.17,0,0,1,0,0,NA,NA,NA,NA,NA
"677",-0.8,-0.14,0.02,0.09,0.32,2,0,0,0,1,NA,NA,NA,NA,NA
"678",0.43,-0.03,0,-0.1,-0.27,1,0,0,0,0,NA,NA,NA,NA,NA
"679",0.4,-0.33,-0.03,-0.1,-0.05,0,0,0,0,0,NA,NA,NA,NA,NA
"680",-0.14,-0.65,0.13,0.17,0.07,0,2,0,0,0,NA,NA,NA,NA,NA
"681",0.79,-0.49,0.41,0.17,0.21,2,1,1,0,0,NA,NA,NA,NA,NA
"682",-0.05,-0.64,0.03,0,-0.01,0,2,0,0,0,NA,NA,NA,NA,NA
"683",0.67,-0.07,0.05,-0.05,-0.11,1,0,0,0,0,NA,NA,NA,NA,NA
"684",0.3,-0.56,0.14,0.13,-0.02,0,1,0,0,0,NA,NA,NA,NA,NA
"685",0.01,-0.44,-0.15,-0.07,-0.11,0,1,0,0,0,NA,NA,NA,NA,NA
"686",0.33,-0.21,-0.34,-0.13,-0.39,0,0,1,0,1,NA,NA,NA,NA,NA
"687",0.21,0.23,-0.15,0.03,-0.1,0,0,0,0,0,NA,NA,NA,NA,NA
"688",0.54,0.18,-0.16,-0.07,-0.23,1,0,0,0,0,NA,NA,NA,NA,NA
"689",0.03,-0.09,-0.01,0.12,-0.07,0,0,0,0,0,NA,NA,NA,NA,NA
"690",-0.29,0.17,0.41,-0.33,-0.09,0,0,1,1,0,NA,NA,NA,NA,NA
"691",0.23,0.53,-0.11,-0.13,0.11,0,1,0,0,0,NA,NA,NA,NA,NA
"692",-0.65,-0.09,0.11,0.15,0.04,1,0,0,0,0,NA,NA,NA,NA,NA
"693",-0.06,-0.46,0.18,0.05,-0.01,0,1,0,0,0,NA,NA,NA,NA,NA
"694",-0.37,-0.2,-0.02,0.05,0.04,0,0,0,0,0,NA,NA,NA,NA,NA
"695",-0.37,-0.25,-0.02,-0.01,0.11,0,0,0,0,0,NA,NA,NA,NA,NA
"696",-1,0.26,0.54,0.11,0.46,3,0,2,0,1,NA,NA,NA,NA,NA
"697",-0.8,0.24,0.2,-0.03,0.14,2,0,0,0,0,NA,NA,NA,NA,NA
"698",-0.06,-0.38,-0.2,-0.21,-0.2,0,1,0,0,0,NA,NA,NA,NA,NA
"699",-0.07,0.19,-0.17,-0.02,0.03,0,0,0,0,0,NA,NA,NA,NA,NA
"700",0.06,0.55,0.11,0.22,0.33,0,1,0,0,1,NA,NA,NA,NA,NA
"701",-0.19,0.15,-0.28,-0.12,-0.04,0,0,0,0,0,NA,NA,NA,NA,NA
"702",-0.12,-0.39,0.07,0.07,0.13,0,1,0,0,0,NA,NA,NA,NA,NA
"703",0.28,-0.15,-0.22,-0.13,-0.37,0,0,0,0,1,NA,NA,NA,NA,NA
"704",-0.16,0.61,-0.14,0.12,0.09,0,2,0,0,0,NA,NA,NA,NA,NA
"705",-0.2,0.84,-0.06,-0.01,0.16,0,3,0,0,0,NA,NA,NA,NA,NA
"706",0.12,-0.32,-0.01,0.1,-0.1,0,0,0,0,0,NA,NA,NA,NA,NA
"707",-0.13,0.53,-0.21,-0.05,0.18,0,1,0,0,0,NA,NA,NA,NA,NA
"708",0.38,-0.08,0.1,0.19,0.01,0,0,0,0,0,NA,NA,NA,NA,NA
"709",-0.12,0.13,-0.13,-0.1,0.11,0,0,0,0,0,NA,NA,NA,NA,NA
"710",-0.04,0.49,-0.31,-0.16,-0.07,0,1,1,0,0,NA,NA,NA,NA,NA
"711",-0.32,0.48,-0.36,-0.14,-0.16,0,1,1,0,0,NA,NA,NA,NA,NA
"712",1.26,0.63,0.68,0.36,0.85,4,2,2,1,4,NA,NA,NA,NA,NA
"713",-0.32,-0.06,-0.37,-0.34,-0.14,0,0,1,1,0,NA,NA,NA,NA,NA
"714",-0.41,-0.1,-0.15,-0.08,-0.03,0,0,0,0,0,NA,NA,NA,NA,NA
"715",-0.13,0.64,-0.25,-0.01,0.01,0,2,0,0,0,NA,NA,NA,NA,NA
"716",-0.81,-0.09,0.04,0.18,0.05,2,0,0,0,0,NA,NA,NA,NA,NA
"717",0.32,0.02,-0.31,-0.19,-0.34,0,0,1,0,1,NA,NA,NA,NA,NA
"718",0.13,-0.62,0.07,0,-0.01,0,2,0,0,0,NA,NA,NA,NA,NA
"719",0.26,0.28,0.09,-0.02,0.03,0,0,0,0,0,NA,NA,NA,NA,NA
"720",0.31,-0.65,0.03,0.01,-0.17,0,2,0,0,0,NA,NA,NA,NA,NA
"721",0.1,-0.22,-0.2,-0.16,-0.38,0,0,0,0,1,NA,NA,NA,NA,NA
"722",-0.44,-0.2,-0.11,-0.16,-0.08,1,0,0,0,0,NA,NA,NA,NA,NA
"723",-0.82,0.79,0.95,8.39,-5.88,2,3,5,396,201,NA,NA,NA,NA,NA
"724",0.18,0.05,-0.15,-0.03,-0.19,0,0,0,0,0,NA,NA,NA,NA,NA
"725",0.18,0.11,-0.53,-0.46,-0.41,0,0,1,1,1,NA,NA,NA,NA,NA
"726",0.4,0.08,-0.35,-0.27,-0.28,0,0,1,0,0,NA,NA,NA,NA,NA
"727",-0.25,0.64,-0.29,-0.15,-0.01,0,2,0,0,0,NA,NA,NA,NA,NA
"728",0.53,0.31,-0.12,-0.12,-0.08,1,0,0,0,0,NA,NA,NA,NA,NA
"729",0.16,-0.53,-0.14,-0.19,-0.2,0,1,0,0,0,NA,NA,NA,NA,NA
"730",0.25,-0.47,-0.09,-0.02,-0.15,0,1,0,0,0,NA,NA,NA,NA,NA
"731",0.39,-0.53,0.09,-0.03,-0.07,0,1,0,0,0,NA,NA,NA,NA,NA
"732",0.57,0.47,-0.06,-0.08,0.04,1,1,0,0,0,NA,NA,NA,NA,NA
"733",0.6,-0.23,-0.09,-0.09,-0.25,1,0,0,0,0,NA,NA,NA,NA,NA
"734",0.39,-0.32,-0.03,0,-0.17,0,0,0,0,0,NA,NA,NA,NA,NA
"735",-0.41,0.84,0.07,0.18,0.24,0,3,0,0,0,NA,NA,NA,NA,NA
"736",0.37,-0.54,-0.02,-0.1,-0.21,0,1,0,0,0,NA,NA,NA,NA,NA
"737",-0.26,0.01,-0.22,-0.05,-0.14,0,0,0,0,0,NA,NA,NA,NA,NA
"738",0.64,0.43,-0.14,-0.12,-0.03,1,1,0,0,0,NA,NA,NA,NA,NA
"739",-0.07,-0.37,0.01,-0.02,0.01,0,1,0,0,0,NA,NA,NA,NA,NA
"740",0.35,-0.12,-0.21,-0.08,-0.31,0,0,0,0,1,NA,NA,NA,NA,NA
"741",0.3,-0.47,-0.09,-0.09,-0.24,0,1,0,0,0,NA,NA,NA,NA,NA
"742",-0.23,-0.33,-0.1,-0.09,0.01,0,0,0,0,0,NA,NA,NA,NA,NA
"743",-0.46,-0.22,-0.38,-0.2,-0.18,1,0,1,0,0,NA,NA,NA,NA,NA
"744",-0.16,-0.5,-0.12,-0.16,-0.05,0,1,0,0,0,NA,NA,NA,NA,NA
"745",0.41,0.56,-0.04,-0.13,-0.2,0,1,0,0,0,NA,NA,NA,NA,NA
"746",-0.3,-0.25,-0.19,-0.1,-0.11,0,0,0,0,0,NA,NA,NA,NA,NA
"747",0.26,-0.27,-0.18,-0.14,-0.3,0,0,0,0,1,NA,NA,NA,NA,NA
"748",0.26,0.16,-0.36,-0.31,-0.28,0,0,1,1,0,NA,NA,NA,NA,NA
"749",0.32,0.46,-0.21,-0.09,-0.1,0,1,0,0,0,NA,NA,NA,NA,NA
"750",0.04,0.35,-0.19,-0.14,0,0,0,0,0,0,NA,NA,NA,NA,NA
"751",0,-0.71,0.15,-0.02,-0.01,0,2,0,0,0,NA,NA,NA,NA,NA
"752",0.34,0.51,-0.25,-0.26,-0.18,0,1,0,0,0,NA,NA,NA,NA,NA
"753",-0.02,-0.45,0.05,0.08,0.01,0,1,0,0,0,NA,NA,NA,NA,NA
"754",0.16,-0.03,0.03,0.13,-0.11,0,0,0,0,0,NA,NA,NA,NA,NA
"755",-0.08,-0.37,-0.05,-0.01,-0.08,0,1,0,0,0,NA,NA,NA,NA,NA
"756",-0.59,-0.38,-0.24,-0.25,-0.14,1,1,0,0,0,NA,NA,NA,NA,NA
"757",-0.06,-0.47,-0.19,-0.22,-0.17,0,1,0,0,0,NA,NA,NA,NA,NA
"758",-0.04,-0.23,-0.08,0,-0.1,0,0,0,0,0,NA,NA,NA,NA,NA
"759",0.3,-0.04,-0.15,-0.05,-0.25,0,0,0,0,0,NA,NA,NA,NA,NA
"760",-0.07,-0.44,0.1,0.16,-0.02,0,1,0,0,0,NA,NA,NA,NA,NA
"761",-0.05,-0.54,-0.18,-0.24,-0.14,0,1,0,0,0,NA,NA,NA,NA,NA
"762",-0.57,-0.2,0.03,-0.04,0.18,1,0,0,0,0,NA,NA,NA,NA,NA
"763",-0.11,0.06,-0.2,-0.11,0.06,0,0,0,0,0,NA,NA,NA,NA,NA
"764",-0.17,0.46,-0.31,-0.18,0,0,1,1,0,0,NA,NA,NA,NA,NA
"765",-0.52,-0.46,-0.11,-0.14,-0.02,1,1,0,0,0,NA,NA,NA,NA,NA
"766",-0.37,-0.43,-0.06,-0.14,0,0,1,0,0,0,NA,NA,NA,NA,NA
"767",0.47,-0.36,0.22,0.08,0.17,1,1,0,0,0,NA,NA,NA,NA,NA
"768",-0.32,0.04,-0.06,0.07,0.12,0,0,0,0,0,NA,NA,NA,NA,NA
"769",0.05,-0.56,-0.05,-0.17,-0.15,0,1,0,0,0,NA,NA,NA,NA,NA
"770",-0.09,-0.42,-0.01,0.03,-0.09,0,1,0,0,0,NA,NA,NA,NA,NA
"771",0.03,-0.28,0.03,0.02,-0.01,0,0,0,0,0,NA,NA,NA,NA,NA
"772",0.06,-0.27,0.11,0.04,-0.02,0,0,0,0,0,NA,NA,NA,NA,NA
"773",-0.08,-0.21,-0.11,0.03,0.02,0,0,0,0,0,NA,NA,NA,NA,NA
"774",-0.63,0.51,-0.05,0.03,0.21,1,1,0,0,0,NA,NA,NA,NA,NA
"775",0.01,-0.47,-0.1,-0.1,-0.18,0,1,0,0,0,NA,NA,NA,NA,NA
"776",0.1,-0.39,-0.24,-0.24,-0.3,0,1,0,0,1,NA,NA,NA,NA,NA
"777",-0.41,-0.36,0.08,0.04,0.22,0,1,0,0,0,NA,NA,NA,NA,NA
"778",0.13,-0.37,0.39,0.19,0.22,0,1,1,0,0,NA,NA,NA,NA,NA
"779",-0.58,0.43,0.02,0.25,0.48,1,1,0,0,1,NA,NA,NA,NA,NA
"780",-0.38,-0.41,-0.23,-0.25,-0.04,0,1,0,0,0,NA,NA,NA,NA,NA
"781",0.04,-0.52,0.12,0.07,0.08,0,1,0,0,0,NA,NA,NA,NA,NA
"782",-0.35,-0.39,-0.09,-0.09,0.13,0,1,0,0,0,NA,NA,NA,NA,NA
"783",1.31,0.01,0.76,0.37,0.69,5,0,3,1,3,NA,NA,NA,NA,NA
"784",1.4,0.21,0.79,0.38,0.79,6,0,3,1,4,NA,NA,NA,NA,NA
"785",-1,0.02,0.21,0.09,0.56,3,0,0,0,2,NA,NA,NA,NA,NA
"786",-0.56,0.07,-0.13,-0.02,0.13,1,0,0,0,0,NA,NA,NA,NA,NA
"787",0.24,-0.54,0.02,-0.06,-0.2,0,1,0,0,0,NA,NA,NA,NA,NA
"788",0.48,-0.34,-0.06,-0.07,-0.12,1,0,0,0,0,NA,NA,NA,NA,NA
"789",0.59,-0.27,0.6,0.32,0.32,1,0,2,1,1,NA,NA,NA,NA,NA
"790",0.24,0.28,0.14,-0.18,-0.04,0,0,0,0,0,NA,NA,NA,NA,NA
"791",0.43,-0.43,0.04,-0.06,-0.08,1,1,0,0,0,NA,NA,NA,NA,NA
"792",-0.62,1.22,0.33,-0.04,0.3,1,6,1,0,1,NA,NA,NA,NA,NA
"793",-0.74,0.83,0.28,0,0.45,2,3,0,0,1,NA,NA,NA,NA,NA
"794",1.32,0.11,0.65,0.61,0.31,5,0,2,2,1,NA,NA,NA,NA,NA
"795",-0.43,0.1,0.2,-0.07,0.04,1,0,0,0,0,NA,NA,NA,NA,NA
"796",-0.54,1.1,0.6,-0.13,0.1,1,5,2,0,0,NA,NA,NA,NA,NA
"797",-0.41,-0.17,0.07,0.25,0.1,0,0,0,0,0,NA,NA,NA,NA,NA
"798",-0.78,1.01,0.59,0.01,0.29,2,4,2,0,0,NA,NA,NA,NA,NA
"799",-1.05,0.46,0.88,0.1,0.5,3,1,4,0,1,NA,NA,NA,NA,NA
"800",-1.22,0.4,0.84,0.32,0.78,4,1,4,1,4,NA,NA,NA,NA,NA
"801",-0.8,0.32,0.2,-0.2,0.13,2,0,0,0,0,NA,NA,NA,NA,NA
"802",0.2,0.15,-0.18,-0.11,-0.17,0,0,0,0,0,NA,NA,NA,NA,NA
"803",0.28,0.17,-0.15,-0.04,-0.04,0,0,0,0,0,NA,NA,NA,NA,NA
"804",-0.9,-0.32,0.4,0.16,0.63,2,0,1,0,2,NA,NA,NA,NA,NA
"805",-0.58,0.65,-0.09,-0.11,0.1,1,2,0,0,0,NA,NA,NA,NA,NA
"806",-0.42,0.2,-0.26,-0.42,-0.41,0,0,0,1,1,NA,NA,NA,NA,NA
"807",0.64,-0.46,0.43,0.27,0.27,1,1,1,0,0,NA,NA,NA,NA,NA
"808",0.29,0.22,-0.32,-0.16,-0.26,0,0,1,0,0,NA,NA,NA,NA,NA
"809",-0.91,0.05,0.59,0.33,0.49,2,0,2,1,1,NA,NA,NA,NA,NA
"810",0.97,0.13,0.39,0.17,0.43,3,0,1,0,1,NA,NA,NA,NA,NA
"811",0.31,-0.33,0,0.01,-0.14,0,0,0,0,0,NA,NA,NA,NA,NA
"812",-0.37,-0.52,-0.11,-0.25,0,0,1,0,0,0,NA,NA,NA,NA,NA
"813",0.6,-0.16,0.25,0.1,0.24,1,0,0,0,0,NA,NA,NA,NA,NA
"814",1.58,0.48,0.77,0.37,0.83,7,1,3,1,4,NA,NA,NA,NA,NA
"815",1.58,0.48,0.77,0.37,0.83,7,1,3,1,4,NA,NA,NA,NA,NA
"816",0.02,-0.29,-0.14,-0.1,-0.14,0,0,0,0,0,NA,NA,NA,NA,NA
"817",-0.07,-0.16,0.09,-0.01,0.27,0,0,0,0,0,NA,NA,NA,NA,NA
"818",-0.5,0.8,0.08,0.04,0.2,1,3,0,0,0,NA,NA,NA,NA,NA
"819",0.78,0.25,-0.27,-0.24,-0.3,2,0,0,0,1,NA,NA,NA,NA,NA
"820",0.03,-0.03,-0.31,-0.16,-0.08,0,0,0,0,0,NA,NA,NA,NA,NA
"821",-0.67,-0.46,0.02,-0.11,0.25,1,1,0,0,0,NA,NA,NA,NA,NA
"822",0.42,0.28,0.05,-0.12,-0.1,1,0,0,0,0,NA,NA,NA,NA,NA
"823",0.04,-0.37,-0.34,-0.2,-0.28,0,1,1,0,0,NA,NA,NA,NA,NA
"824",-0.2,-0.39,0.04,0.08,0.1,0,1,0,0,0,NA,NA,NA,NA,NA
"825",0.06,-0.17,0.14,0.15,0.08,0,0,0,0,0,NA,NA,NA,NA,NA
"826",0.29,-0.21,0.11,0.08,0.18,0,0,0,0,0,NA,NA,NA,NA,NA
"827",-0.38,0.71,-0.16,-0.1,0.08,0,2,0,0,0,NA,NA,NA,NA,NA
"828",-0.03,0.03,-0.12,0,0.06,0,0,0,0,0,NA,NA,NA,NA,NA
"829",-0.33,-0.08,0.17,0.32,0.14,0,0,0,1,0,NA,NA,NA,NA,NA
"830",-0.38,-0.19,-0.43,-0.28,-0.2,0,0,1,0,0,NA,NA,NA,NA,NA
"831",0.09,-0.35,-0.05,0.02,0.04,0,1,0,0,0,NA,NA,NA,NA,NA
"832",-0.06,0.72,-0.05,-0.11,-0.21,0,2,0,0,0,NA,NA,NA,NA,NA
"833",-0.29,-0.55,0.08,-0.03,0.09,0,1,0,0,0,NA,NA,NA,NA,NA
"834",-0.13,-0.14,0.18,0.29,0.22,0,0,0,0,0,NA,NA,NA,NA,NA
"835",0.21,0.3,-0.25,-0.1,-0.11,0,0,0,0,0,NA,NA,NA,NA,NA
"836",-0.29,-0.09,-0.08,-0.36,-0.16,0,0,0,1,0,NA,NA,NA,NA,NA
"837",-1.01,-0.03,0.34,0.21,0.51,3,0,1,0,2,NA,NA,NA,NA,NA
"838",0.07,0.64,-0.01,-0.13,0.13,0,2,0,0,0,NA,NA,NA,NA,NA
"839",0.21,0.13,-0.2,-0.13,-0.21,0,0,0,0,0,NA,NA,NA,NA,NA
"840",0.51,0.21,-0.09,-0.03,-0.19,1,0,0,0,0,NA,NA,NA,NA,NA
"841",0.49,0.36,-0.17,-0.1,-0.11,1,1,0,0,0,NA,NA,NA,NA,NA
"842",1.04,0.22,0.54,0.27,0.69,3,0,2,0,3,NA,NA,NA,NA,NA
"843",0.53,-0.09,0.35,0.2,0.31,1,0,1,0,1,NA,NA,NA,NA,NA
"844",-0.2,1.07,0.12,-0.05,-0.06,0,5,0,0,0,NA,NA,NA,NA,NA
"845",-0.39,-0.22,0.09,0.17,0.15,0,0,0,0,0,NA,NA,NA,NA,NA
"846",-0.05,-0.54,-0.03,-0.01,-0.13,0,1,0,0,0,NA,NA,NA,NA,NA
"847",-0.9,-0.18,0.19,0.21,0.39,2,0,0,0,1,NA,NA,NA,NA,NA
"848",-0.3,-0.17,0.38,0.15,0.12,0,0,1,0,0,NA,NA,NA,NA,NA
"849",1.19,-0.14,0.74,0.38,0.63,4,0,3,1,2,NA,NA,NA,NA,NA
"850",0.38,0.8,0.1,0.11,0.12,0,3,0,0,0,NA,NA,NA,NA,NA
"851",-0.09,-0.46,0.22,0.08,0.12,0,1,0,0,0,NA,NA,NA,NA,NA
"852",0.06,-0.12,0.3,0.2,0.53,0,0,0,0,2,NA,NA,NA,NA,NA
"853",-0.4,-0.17,0.08,-0.19,0.17,0,0,0,0,0,NA,NA,NA,NA,NA
"854",0.08,-0.32,-0.17,-0.1,-0.12,0,0,0,0,0,NA,NA,NA,NA,NA
"855",-0.57,0.37,-0.22,-0.28,0.13,1,1,0,0,0,NA,NA,NA,NA,NA
"856",0.07,-0.06,-0.04,-0.06,-0.07,0,0,0,0,0,NA,NA,NA,NA,NA
"857",-0.43,-0.13,0.08,-0.06,0.05,1,0,0,0,0,NA,NA,NA,NA,NA
"858",0.51,-0.39,0.36,0.16,0.16,1,1,1,0,0,NA,NA,NA,NA,NA
"859",-1.12,0.12,0.41,0.32,0.72,4,0,1,1,3,NA,NA,NA,NA,NA
"860",0.07,-0.31,0.12,0.07,0.08,0,0,0,0,0,NA,NA,NA,NA,NA
"861",-0.39,-0.45,-0.1,-0.14,-0.03,0,1,0,0,0,NA,NA,NA,NA,NA
"862",0.03,-0.22,0.01,-0.07,0.15,0,0,0,0,0,NA,NA,NA,NA,NA
"863",0.17,-0.32,0,0.12,-0.17,0,0,0,0,0,NA,NA,NA,NA,NA
"864",0.19,0.45,-0.14,-0.06,-0.08,0,1,0,0,0,NA,NA,NA,NA,NA
"865",-0.48,0.67,-0.02,-0.05,0.26,1,2,0,0,0,NA,NA,NA,NA,NA
"866",-0.5,-0.49,-0.13,-0.35,0.01,1,1,0,1,0,NA,NA,NA,NA,NA
"867",-0.55,0.03,0.24,0.42,0.23,1,0,0,1,0,NA,NA,NA,NA,NA
"868",0.2,0.46,0.28,0.23,0.27,0,1,0,0,0,NA,NA,NA,NA,NA
"869",-0.13,-0.13,-0.05,-0.07,-0.01,0,0,0,0,0,NA,NA,NA,NA,NA
"870",0.09,-0.33,0.2,0.05,0.16,0,0,0,0,0,NA,NA,NA,NA,NA
"871",-0.74,0.25,0.09,0.05,0.39,2,0,0,0,1,NA,NA,NA,NA,NA
"872",0.41,-0.25,0.94,0.43,0.79,0,0,5,1,4,NA,NA,NA,NA,NA
"873",0.42,-0.08,0.08,0.03,-0.06,0,0,0,0,0,NA,NA,NA,NA,NA
"874",-0.07,0.32,-0.01,-0.03,0.01,0,0,0,0,0,NA,NA,NA,NA,NA
"875",-0.43,-0.36,-0.01,0.07,0.17,1,1,0,0,0,NA,NA,NA,NA,NA
"876",-0.83,0.01,0.47,-0.03,0.17,2,0,1,0,0,NA,NA,NA,NA,NA
"877",-0.45,0.18,0.06,0.02,0.23,1,0,0,0,0,NA,NA,NA,NA,NA
"878",1.33,0.49,0.5,0.23,0.58,5,1,1,0,2,NA,NA,NA,NA,NA
"879",-0.66,0.23,-0.15,-0.04,0,1,0,0,0,0,NA,NA,NA,NA,NA
"880",-0.64,-0.19,0.09,-0.02,0.11,1,0,0,0,0,NA,NA,NA,NA,NA
"881",-0.71,0.19,0.44,0.16,0.28,1,0,1,0,0,NA,NA,NA,NA,NA
"882",-0.35,0.66,-0.11,-0.17,0.02,0,2,0,0,0,NA,NA,NA,NA,NA
"883",0.36,-0.49,0.26,0.16,0.17,0,1,0,0,0,NA,NA,NA,NA,NA
"884",-0.44,-0.17,0.05,-0.02,0.05,1,0,0,0,0,NA,NA,NA,NA,NA
"885",1.05,0.06,0.81,0.49,0.94,3,0,3,1,5,NA,NA,NA,NA,NA
"886",-0.22,-0.14,0.03,-0.11,0.07,0,0,0,0,0,NA,NA,NA,NA,NA
"887",-0.15,0.01,-0.2,-0.22,-0.3,0,0,0,0,1,NA,NA,NA,NA,NA
"888",-1.01,0.53,0.65,-0.21,0.16,3,1,2,0,0,NA,NA,NA,NA,NA
"889",-0.37,-0.36,0.05,0.14,0.23,0,1,0,0,0,NA,NA,NA,NA,NA
"890",-0.77,-0.12,0.46,-0.04,0.1,2,0,1,0,0,NA,NA,NA,NA,NA
"891",-0.72,0,0.05,-0.16,-0.09,1,0,0,0,0,NA,NA,NA,NA,NA
"892",1.03,0.46,0.27,0.17,0.24,3,1,0,0,0,NA,NA,NA,NA,NA
"893",0.24,-0.32,0.33,0.09,0.23,0,0,1,0,0,NA,NA,NA,NA,NA
"894",0.93,-0.23,0.61,0.3,0.57,2,0,2,1,2,NA,NA,NA,NA,NA
"895",1.26,0.5,0.3,0.09,0.43,4,1,0,0,1,NA,NA,NA,NA,NA
"896",-0.26,-0.55,-0.1,-0.09,0.01,0,1,0,0,0,NA,NA,NA,NA,NA
"897",-0.43,0.61,0.1,0.13,0.37,1,2,0,0,1,NA,NA,NA,NA,NA
"898",-0.05,-0.53,0.1,0.07,0.07,0,1,0,0,0,NA,NA,NA,NA,NA
"899",0.01,-0.27,0.1,0.18,0.05,0,0,0,0,0,NA,NA,NA,NA,NA
"900",0.04,0.74,-0.2,-0.06,0.06,0,2,0,0,0,NA,NA,NA,NA,NA
"901",-0.33,0.31,-0.26,-0.11,-0.21,0,0,0,0,0,NA,NA,NA,NA,NA
"902",0.74,-0.3,0.26,0.09,0.18,2,0,0,0,0,NA,NA,NA,NA,NA
"903",0.09,0.52,-0.18,-0.16,-0.28,0,1,0,0,0,NA,NA,NA,NA,NA
"904",-0.32,0.62,-0.19,-0.19,-0.07,0,2,0,0,0,NA,NA,NA,NA,NA
"905",0.1,0.26,-0.19,-0.13,-0.12,0,0,0,0,0,NA,NA,NA,NA,NA
"906",0.36,0.59,-0.23,-0.01,-0.29,0,1,0,0,0,NA,NA,NA,NA,NA
"907",0.21,-0.49,-0.07,-0.23,-0.19,0,1,0,0,0,NA,NA,NA,NA,NA
"908",-0.5,-0.43,-0.11,0.04,0,1,1,0,0,0,NA,NA,NA,NA,NA
"909",-0.42,-0.05,-0.25,-0.06,-0.04,0,0,0,0,0,NA,NA,NA,NA,NA
"910",0.32,0.45,-0.25,-0.19,-0.11,0,1,0,0,0,NA,NA,NA,NA,NA
"911",-0.15,0.39,-0.42,-0.2,-0.16,0,1,1,0,0,NA,NA,NA,NA,NA
"912",-0.36,0.04,-0.16,-0.13,0,0,0,0,0,0,NA,NA,NA,NA,NA
"913",0.73,0.68,0.2,0.01,0.37,2,2,0,0,1,NA,NA,NA,NA,NA
"914",0.1,-0.24,-0.01,-0.02,-0.01,0,0,0,0,0,NA,NA,NA,NA,NA
"915",-0.71,0.07,0.25,0.27,0.46,1,0,0,0,1,NA,NA,NA,NA,NA
"916",0.39,0.41,-0.19,-0.13,-0.06,0,1,0,0,0,NA,NA,NA,NA,NA
"917",1.22,0.4,0.53,0.22,0.61,4,1,1,0,2,NA,NA,NA,NA,NA
"918",-0.13,0.73,-0.31,-0.11,-0.04,0,2,1,0,0,NA,NA,NA,NA,NA
"919",-0.23,-0.39,-0.29,-0.26,-0.13,0,1,0,0,0,NA,NA,NA,NA,NA
"920",-0.19,-0.13,-0.2,-0.11,-0.08,0,0,0,0,0,NA,NA,NA,NA,NA
"921",-0.67,-0.24,0.04,0.15,0.29,1,0,0,0,0,NA,NA,NA,NA,NA
"922",-0.04,-0.47,0.09,0.13,0.03,0,1,0,0,0,NA,NA,NA,NA,NA
"923",-0.11,0.05,-0.31,-0.33,-0.09,0,0,1,1,0,NA,NA,NA,NA,NA
"924",0.2,-0.62,-0.07,-0.12,-0.17,0,2,0,0,0,NA,NA,NA,NA,NA
"925",0.27,-0.07,-0.07,0,-0.21,0,0,0,0,0,NA,NA,NA,NA,NA
"926",-0.3,0.42,-0.39,-0.26,-0.04,0,1,1,0,0,NA,NA,NA,NA,NA
"927",-0.04,0.52,-0.19,-0.07,0,0,1,0,0,0,NA,NA,NA,NA,NA
"928",-0.87,-0.12,0.31,0.14,0.51,2,0,1,0,2,NA,NA,NA,NA,NA
"929",-0.76,-0.02,0.34,0.29,0.56,2,0,1,0,2,NA,NA,NA,NA,NA
"930",-0.82,0.31,0,0.06,0.22,2,0,0,0,0,NA,NA,NA,NA,NA
"931",0.2,0.13,-0.38,-0.26,-0.28,0,0,1,0,0,NA,NA,NA,NA,NA
"932",0.2,-0.64,-0.07,-0.12,-0.17,0,2,0,0,0,NA,NA,NA,NA,NA
"933",-0.28,0.02,0.03,0.14,-0.13,0,0,0,0,0,NA,NA,NA,NA,NA
"934",-0.77,0.33,-0.16,0.15,-0.13,2,0,0,0,0,NA,NA,NA,NA,NA
"935",-0.42,0.61,-0.14,0.09,-0.01,1,2,0,0,0,NA,NA,NA,NA,NA
"936",-0.08,-0.45,-0.01,-0.06,0.01,0,1,0,0,0,NA,NA,NA,NA,NA
"937",-0.45,-0.1,0.27,-0.16,0.01,1,0,0,0,0,NA,NA,NA,NA,NA
"938",-0.02,0.25,-0.1,-0.04,-0.14,0,0,0,0,0,NA,NA,NA,NA,NA
"939",-0.22,-0.38,-0.06,0.02,-0.09,0,1,0,0,0,NA,NA,NA,NA,NA
"940",0.21,-0.61,0,-0.14,-0.06,0,2,0,0,0,NA,NA,NA,NA,NA
"941",0.03,0.73,-0.35,-0.17,-0.1,0,2,1,0,0,NA,NA,NA,NA,NA
"942",0.09,0.59,-0.18,-0.04,0.1,0,1,0,0,0,NA,NA,NA,NA,NA
"943",0.17,0.4,-0.28,-0.18,0.02,0,1,0,0,0,NA,NA,NA,NA,NA
"944",0.26,-0.24,-0.01,0.02,0.01,0,0,0,0,0,NA,NA,NA,NA,NA
"945",-0.41,-0.04,-0.04,0.15,0.17,0,0,0,0,0,NA,NA,NA,NA,NA
"946",0.01,-0.26,-0.13,-0.02,-0.07,0,0,0,0,0,NA,NA,NA,NA,NA
"947",0.01,-0.46,0.05,0.13,-0.09,0,1,0,0,0,NA,NA,NA,NA,NA
"948",-0.37,-0.34,0.15,0.23,0.26,0,0,0,0,0,NA,NA,NA,NA,NA
"949",-0.28,-0.04,-0.25,-0.11,-0.14,0,0,0,0,0,NA,NA,NA,NA,NA
"950",0.32,0.15,-0.14,0.02,-0.21,0,0,0,0,0,NA,NA,NA,NA,NA
"951",0.56,0.21,-0.13,0.22,-0.48,1,0,0,0,1,NA,NA,NA,NA,NA
"952",0.11,-0.33,-0.22,-0.16,-0.23,0,0,0,0,0,NA,NA,NA,NA,NA
"953",-0.31,-0.12,-0.08,-0.09,0.1,0,0,0,0,0,NA,NA,NA,NA,NA
"954",0.12,-0.5,0.28,0.16,0.19,0,1,0,0,0,NA,NA,NA,NA,NA
"955",0.57,-0.24,0.06,-0.03,-0.1,1,0,0,0,0,NA,NA,NA,NA,NA
"956",0.03,-0.56,0.04,-0.17,0.12,0,1,0,0,0,NA,NA,NA,NA,NA
"957",0.13,-0.62,-0.03,-0.03,-0.12,0,2,0,0,0,NA,NA,NA,NA,NA
"958",-0.15,-0.31,-0.21,-0.16,-0.14,0,0,0,0,0,NA,NA,NA,NA,NA
"959",0.09,-0.63,-0.11,-0.17,-0.18,0,2,0,0,0,NA,NA,NA,NA,NA
"960",0.27,-0.01,0.15,0.24,0.03,0,0,0,0,0,NA,NA,NA,NA,NA
"961",0.16,-0.45,0.02,-0.03,-0.1,0,1,0,0,0,NA,NA,NA,NA,NA
"962",-0.11,-0.31,-0.31,-0.26,-0.16,0,0,1,0,0,NA,NA,NA,NA,NA
"963",-0.14,0.42,0.08,3.67,-3.11,0,1,0,76,56,NA,NA,NA,NA,NA
"964",-0.46,-0.06,-0.17,-0.02,0.05,1,0,0,0,0,NA,NA,NA,NA,NA
"965",-0.34,-0.1,0.14,0.21,0.27,0,0,0,0,0,NA,NA,NA,NA,NA
"966",-0.74,-0.53,-0.04,-0.02,0.08,2,1,0,0,0,NA,NA,NA,NA,NA
"967",-0.26,-0.29,-0.08,-0.08,0,0,0,0,0,0,NA,NA,NA,NA,NA
"968",-0.19,-0.6,-0.15,-0.14,-0.1,0,1,0,0,0,NA,NA,NA,NA,NA
"969",-0.36,-0.34,-0.04,0.01,0.07,0,0,0,0,0,NA,NA,NA,NA,NA
"970",-0.52,-0.08,-0.08,0.16,0.02,1,0,0,0,0,NA,NA,NA,NA,NA
"971",-0.73,0.15,0.06,-0.12,0.17,2,0,0,0,0,NA,NA,NA,NA,NA
"972",0,0.49,-0.21,0.05,-0.03,0,1,0,0,0,NA,NA,NA,NA,NA
"973",-0.06,0.13,-0.35,-0.24,-0.46,0,0,1,0,1,NA,NA,NA,NA,NA
"974",0.01,0.83,-0.19,-0.01,0.12,0,3,0,0,0,NA,NA,NA,NA,NA
"975",-0.64,0.57,0.07,0.19,0.4,1,1,0,0,1,NA,NA,NA,NA,NA
"976",-0.65,-0.07,-0.11,0.04,0.22,1,0,0,0,0,NA,NA,NA,NA,NA
"977",-0.58,-0.32,0.12,0.11,0.13,1,0,0,0,0,NA,NA,NA,NA,NA
"978",-0.2,0.36,-0.43,-0.27,-0.18,0,1,1,0,0,NA,NA,NA,NA,NA
"979",-0.24,0.39,-0.24,0.12,-0.18,0,1,0,0,0,NA,NA,NA,NA,NA
"980",0.17,0.01,-0.15,0.01,-0.17,0,0,0,0,0,NA,NA,NA,NA,NA
"981",0.19,0.58,-0.29,-0.12,-0.13,0,1,0,0,0,NA,NA,NA,NA,NA
"982",-0.46,0.01,-0.22,0.02,-0.22,1,0,0,0,0,NA,NA,NA,NA,NA
"983",-0.31,-0.46,-0.19,-0.12,-0.04,0,1,0,0,0,NA,NA,NA,NA,NA
"984",0.31,0.13,-0.14,-0.11,-0.1,0,0,0,0,0,NA,NA,NA,NA,NA
"985",-0.16,-0.49,-0.17,-0.22,-0.14,0,1,0,0,0,NA,NA,NA,NA,NA
"986",0.46,0.25,-0.17,-0.27,-0.23,1,0,0,0,0,NA,NA,NA,NA,NA
"987",0.39,-0.03,0.13,0.04,-0.03,0,0,0,0,0,NA,NA,NA,NA,NA
"988",0.33,-0.6,-0.02,-0.12,-0.25,0,1,0,0,0,NA,NA,NA,NA,NA
"989",-0.12,-0.42,-0.08,0.03,-0.24,0,1,0,0,0,NA,NA,NA,NA,NA
"990",0.13,-0.39,0.03,-0.12,-0.03,0,1,0,0,0,NA,NA,NA,NA,NA
"991",0.24,-0.63,0.06,0.06,-0.2,0,2,0,0,0,NA,NA,NA,NA,NA
"992",0.24,-0.61,0.16,0.1,-0.04,0,2,0,0,0,NA,NA,NA,NA,NA
"993",-0.8,0.15,0.34,0.22,0.4,2,0,1,0,1,NA,NA,NA,NA,NA
"994",0.42,-0.25,0.04,0.13,-0.19,0,0,0,0,0,NA,NA,NA,NA,NA
"995",-0.92,0.18,0.29,0.25,0.56,2,0,0,0,2,NA,NA,NA,NA,NA
"996",0.38,-0.35,-0.05,0.01,-0.14,0,0,0,0,0,NA,NA,NA,NA,NA
"997",0.12,-0.6,0.01,0.01,-0.11,0,1,0,0,0,NA,NA,NA,NA,NA
"998",-0.49,0.1,-0.18,-0.1,0,1,0,0,0,0,NA,NA,NA,NA,NA
"999",-0.34,0.38,-0.06,0.07,0.22,0,1,0,0,0,NA,NA,NA,NA,NA
"1000",-0.29,0.63,-0.02,-0.26,-0.14,0,2,0,0,0,NA,NA,NA,NA,NA
"1001",-0.18,-0.61,0,-0.04,-0.02,0,2,0,0,0,NA,NA,NA,NA,NA
"1002",0.01,-0.56,-0.08,-0.05,-0.25,0,1,0,0,0,NA,NA,NA,NA,NA
"1003",1.72,0.59,0.87,0.43,0.98,8,1,4,1,6,NA,NA,NA,NA,NA
"1004",0.18,-0.28,-0.03,-0.03,-0.15,0,0,0,0,0,NA,NA,NA,NA,NA
"1005",0.54,0.06,0.26,0.36,0.22,1,0,0,1,0,NA,NA,NA,NA,NA
"1006",-0.33,-0.37,0.01,-0.07,-0.03,0,1,0,0,0,NA,NA,NA,NA,NA
"1007",-0.08,-0.33,0.04,-0.13,0.02,0,0,0,0,0,NA,NA,NA,NA,NA
"1008",0.08,-0.24,-0.19,-0.08,-0.17,0,0,0,0,0,NA,NA,NA,NA,NA
"1009",-0.08,-0.14,-0.2,-0.11,-0.04,0,0,0,0,0,NA,NA,NA,NA,NA
"1010",0.44,-0.66,0.08,0.08,-0.14,1,2,0,0,0,NA,NA,NA,NA,NA
"1011",-0.31,-0.25,0.4,0.26,0.67,0,0,1,0,3,NA,NA,NA,NA,NA
"1012",-0.51,-0.38,-0.06,-0.06,0.13,1,1,0,0,0,NA,NA,NA,NA,NA
"1013",0.6,-0.22,0.19,0.12,0.13,1,0,0,0,0,NA,NA,NA,NA,NA
"1014",0.28,-0.61,0.08,0.08,-0.04,0,2,0,0,0,NA,NA,NA,NA,NA
"1015",-0.4,-0.16,0.08,0.08,0.12,0,0,0,0,0,NA,NA,NA,NA,NA
"1016",0.04,-0.31,-0.34,-0.23,-0.32,0,0,1,0,1,NA,NA,NA,NA,NA
"1017",-0.71,0.23,0.01,0.17,0.21,1,0,0,0,0,NA,NA,NA,NA,NA
"1018",0.01,-0.38,0.23,0.11,0.31,0,1,0,0,1,NA,NA,NA,NA,NA
"1019",-0.59,0.11,0.12,0.11,0.45,1,0,0,0,1,NA,NA,NA,NA,NA
"1020",-0.31,-0.19,-0.1,0.05,-0.01,0,0,0,0,0,NA,NA,NA,NA,NA
"1021",-0.55,-0.2,0.08,-0.05,0.24,1,0,0,0,0,NA,NA,NA,NA,NA
"1022",-0.3,-0.28,0.16,0.07,0.07,0,0,0,0,0,NA,NA,NA,NA,NA
"1023",-0.84,0.32,0.64,0.09,0.15,2,0,2,0,0,NA,NA,NA,NA,NA
"1024",0.11,-0.7,-0.02,0.02,-0.11,0,2,0,0,0,NA,NA,NA,NA,NA
"1025",-0.52,-0.34,0.04,0.04,0.11,1,0,0,0,0,NA,NA,NA,NA,NA
"1026",-0.31,-0.46,0.29,0.03,0.17,0,1,0,0,0,NA,NA,NA,NA,NA
"1027",-0.77,0.78,0.53,0.16,0.33,2,2,2,0,1,NA,NA,NA,NA,NA
"1028",-0.39,0.46,-0.27,-0.05,-0.04,0,1,0,0,0,NA,NA,NA,NA,NA
"1029",-0.36,0.6,-0.14,0.05,0.32,0,1,0,0,1,NA,NA,NA,NA,NA
"1030",0.87,0.47,0.07,0.01,0.12,2,1,0,0,0,NA,NA,NA,NA,NA
"1031",0.26,-0.06,-0.23,-0.15,-0.25,0,0,0,0,0,NA,NA,NA,NA,NA
"1032",0.12,-0.2,-0.22,-0.15,-0.25,0,0,0,0,0,NA,NA,NA,NA,NA
"1033",0.13,-0.17,-0.02,-0.01,-0.08,0,0,0,0,0,NA,NA,NA,NA,NA
"1034",0.27,-0.18,0.14,-0.09,-0.16,0,0,0,0,0,NA,NA,NA,NA,NA
"1035",0.12,0.66,-0.23,-0.43,-0.27,0,2,0,1,0,NA,NA,NA,NA,NA
"1036",-0.26,0.73,-0.26,0.15,-0.17,0,2,0,0,0,NA,NA,NA,NA,NA
"1037",0.97,0.46,0.13,0.02,0.18,3,1,0,0,0,NA,NA,NA,NA,NA
"1038",0.3,-0.37,0.2,0.16,0.12,0,1,0,0,0,NA,NA,NA,NA,NA
"1039",-1.02,0.22,0.32,0.52,0.21,3,0,1,2,0,NA,NA,NA,NA,NA
"1040",0.5,-0.05,0.28,0.05,0.16,1,0,0,0,0,NA,NA,NA,NA,NA
"1041",0.2,-0.4,-0.01,-0.04,-0.13,0,1,0,0,0,NA,NA,NA,NA,NA
"1042",0.15,0.15,-0.21,-0.16,-0.08,0,0,0,0,0,NA,NA,NA,NA,NA
"1043",-0.3,-0.2,0.37,0.27,0.37,0,0,1,0,1,NA,NA,NA,NA,NA
"1044",-0.66,-0.15,0.05,0.28,0.18,1,0,0,0,0,NA,NA,NA,NA,NA
"1045",0.2,-0.32,0.02,-0.13,-0.29,0,0,0,0,1,NA,NA,NA,NA,NA
"1046",-0.13,-0.43,-0.06,-0.18,-0.14,0,1,0,0,0,NA,NA,NA,NA,NA
"1047",-0.15,-0.23,0.12,-0.17,-0.18,0,0,0,0,0,NA,NA,NA,NA,NA
"1048",-0.07,0.27,-0.07,0.13,-0.06,0,0,0,0,0,NA,NA,NA,NA,NA
"1049",0,-0.39,0.31,0.2,0.41,0,1,1,0,1,NA,NA,NA,NA,NA
"1050",0.24,0.19,-0.42,-0.27,-0.34,0,0,1,0,1,NA,NA,NA,NA,NA
"1051",1.17,0.52,0.43,0.21,0.49,4,1,1,0,1,NA,NA,NA,NA,NA
"1052",-0.69,0.18,0.12,0.07,0.41,1,0,0,0,1,NA,NA,NA,NA,NA
"1053",-0.45,0.11,-0.21,0.04,-0.03,1,0,0,0,0,NA,NA,NA,NA,NA
"1054",-1.06,0.11,0.53,0.28,0.67,3,0,1,0,3,NA,NA,NA,NA,NA
"1055",-0.72,0.13,-0.01,0.17,-0.02,1,0,0,0,0,NA,NA,NA,NA,NA
"1056",-0.07,0.41,-0.28,-0.08,-0.18,0,1,0,0,0,NA,NA,NA,NA,NA
"1057",-0.07,0.26,-0.17,0.01,0.04,0,0,0,0,0,NA,NA,NA,NA,NA
"1058",0.26,0.03,-0.23,-0.16,-0.2,0,0,0,0,0,NA,NA,NA,NA,NA
"1059",-0.02,-0.48,0.03,0.04,-0.07,0,1,0,0,0,NA,NA,NA,NA,NA
"1060",0.62,0.59,-0.13,-0.2,-0.08,1,1,0,0,0,NA,NA,NA,NA,NA
"1061",0.13,0.06,-0.27,-0.08,-0.18,0,0,0,0,0,NA,NA,NA,NA,NA
"1062",-1.06,-0.18,0.25,0.3,0.44,3,0,0,1,1,NA,NA,NA,NA,NA
"1063",-1.21,0.7,0.77,0.06,0.22,4,2,3,0,0,NA,NA,NA,NA,NA
"1064",0.1,-0.51,0.1,0.08,0.09,0,1,0,0,0,NA,NA,NA,NA,NA
"1065",-0.69,-0.12,0.01,0.15,0.28,1,0,0,0,0,NA,NA,NA,NA,NA
"1066",0.03,0.53,-0.41,-0.09,-0.28,0,1,1,0,0,NA,NA,NA,NA,NA
"1067",-0.23,-0.11,-0.17,-0.06,-0.03,0,0,0,0,0,NA,NA,NA,NA,NA
"1068",0,-0.56,0.15,0.13,0.07,0,1,0,0,0,NA,NA,NA,NA,NA
"1069",-0.74,0.28,0.1,0.2,0.13,2,0,0,0,0,NA,NA,NA,NA,NA
"1070",-0.05,0.05,-0.12,0.01,-0.16,0,0,0,0,0,NA,NA,NA,NA,NA
"1071",-0.6,-0.03,-0.14,0.17,0.16,1,0,0,0,0,NA,NA,NA,NA,NA
"1072",-0.3,0.12,-0.29,-0.08,-0.12,0,0,0,0,0,NA,NA,NA,NA,NA
"1073",0,0.67,-0.18,-0.01,0.13,0,2,0,0,0,NA,NA,NA,NA,NA
"1074",-0.27,0.65,-0.08,0.17,0.11,0,2,0,0,0,NA,NA,NA,NA,NA
"1075",-0.12,0.16,-0.1,0.12,-0.04,0,0,0,0,0,NA,NA,NA,NA,NA
"1076",-0.84,0,0.16,0.14,0.24,2,0,0,0,0,NA,NA,NA,NA,NA
"1077",-0.51,0.05,0.16,0.09,0.09,1,0,0,0,0,NA,NA,NA,NA,NA
"1078",-0.17,-0.19,0,-0.1,-0.05,0,0,0,0,0,NA,NA,NA,NA,NA
"1079",-0.17,-0.25,0.04,0.14,-0.02,0,0,0,0,0,NA,NA,NA,NA,NA
"1080",0.01,0.05,-0.01,0.11,-0.02,0,0,0,0,0,NA,NA,NA,NA,NA
"1081",-0.75,0.15,-0.24,-0.01,0.12,2,0,0,0,0,NA,NA,NA,NA,NA
"1082",0.29,0.66,-0.27,-0.23,-0.29,0,2,0,0,0,NA,NA,NA,NA,NA
"1083",-0.18,0.88,-0.17,-0.1,-0.03,0,3,0,0,0,NA,NA,NA,NA,NA
"1084",-0.54,-0.33,-0.16,-0.1,0.08,1,0,0,0,0,NA,NA,NA,NA,NA
"1085",0.1,0.36,0.14,0.13,-0.36,0,1,0,0,1,NA,NA,NA,NA,NA
"1086",-0.13,-0.42,-0.01,-0.05,0.03,0,1,0,0,0,NA,NA,NA,NA,NA
"1087",-0.23,0.22,0.09,0.24,0.1,0,0,0,0,0,NA,NA,NA,NA,NA
"1088",-0.12,-0.43,0.02,-0.02,-0.04,0,1,0,0,0,NA,NA,NA,NA,NA
"1089",-0.51,0.07,0.08,0.14,0.27,1,0,0,0,0,NA,NA,NA,NA,NA
"1090",-1.13,0.24,0.42,0.25,0.69,4,0,1,0,3,NA,NA,NA,NA,NA
"1091",0.18,0.55,-0.12,-0.01,-0.05,0,1,0,0,0,NA,NA,NA,NA,NA
"1092",-1.09,-0.21,0.59,-0.34,0.53,3,0,2,1,2,NA,NA,NA,NA,NA
"1093",-0.2,0.69,-0.36,0,-0.23,0,2,1,0,0,NA,NA,NA,NA,NA
"1094",0.27,0.43,-0.03,0.16,0.02,0,1,0,0,0,NA,NA,NA,NA,NA
"1095",-0.9,0.2,0.44,0.28,0.47,2,0,1,0,1,NA,NA,NA,NA,NA
"1096",0.45,-0.22,0.19,0.21,0.13,1,0,0,0,0,NA,NA,NA,NA,NA
"1097",-0.46,0.02,0.05,0,0.27,1,0,0,0,0,NA,NA,NA,NA,NA
"1098",-0.03,-0.53,0.2,0.23,0.11,0,1,0,0,0,NA,NA,NA,NA,NA
"1099",0.1,0.55,-0.2,-0.14,-0.25,0,1,0,0,0,NA,NA,NA,NA,NA
"1100",-0.41,0.37,-0.21,-0.05,0.03,0,1,0,0,0,NA,NA,NA,NA,NA
"1101",0.28,0.24,-0.09,0.04,-0.13,0,0,0,0,0,NA,NA,NA,NA,NA
"1102",-0.1,-0.15,-0.31,-0.23,-0.24,0,0,1,0,0,NA,NA,NA,NA,NA
"1103",-0.76,-0.16,0.2,0.14,0.5,2,0,0,0,1,NA,NA,NA,NA,NA
"1104",0.37,0.37,-0.2,-0.03,-0.17,0,1,0,0,0,NA,NA,NA,NA,NA
"1105",0.02,-0.56,0.18,0.14,0.13,0,1,0,0,0,NA,NA,NA,NA,NA
"1106",0.08,-0.41,0.03,-0.05,-0.15,0,1,0,0,0,NA,NA,NA,NA,NA
"1107",-0.21,-0.35,-0.1,-0.1,-0.02,0,1,0,0,0,NA,NA,NA,NA,NA
"1108",0.31,0.06,0.48,0.34,0.3,0,0,1,1,1,NA,NA,NA,NA,NA
"1109",0.57,0.41,-0.03,-0.01,-0.01,1,1,0,0,0,NA,NA,NA,NA,NA
"1110",0.08,0.42,-0.15,0.02,-0.03,0,1,0,0,0,NA,NA,NA,NA,NA
"1111",0.14,0.43,-0.13,-0.04,-0.06,0,1,0,0,0,NA,NA,NA,NA,NA
"1112",0.12,-0.23,-0.11,-0.11,-0.17,0,0,0,0,0,NA,NA,NA,NA,NA
"1113",0.39,-0.42,0.06,-0.05,-0.04,0,1,0,0,0,NA,NA,NA,NA,NA
"1114",-0.61,-0.06,0.47,0.28,0.38,1,0,1,0,1,NA,NA,NA,NA,NA
"1115",0.34,0.16,-0.43,-0.37,-0.36,0,0,1,1,1,NA,NA,NA,NA,NA
"1116",0.3,-0.16,-0.05,-0.08,-0.13,0,0,0,0,0,NA,NA,NA,NA,NA
"1117",0.2,-0.66,0.05,0.02,-0.14,0,2,0,0,0,NA,NA,NA,NA,NA
"1118",-0.2,0.21,-0.13,-0.01,0.12,0,0,0,0,0,NA,NA,NA,NA,NA
"1119",0.98,0.3,0.14,0.05,0.1,3,0,0,0,0,NA,NA,NA,NA,NA
"1120",-0.66,0.61,0,0.04,0.12,1,2,0,0,0,NA,NA,NA,NA,NA
"1121",0.06,0.81,-0.07,-0.16,-0.15,0,3,0,0,0,NA,NA,NA,NA,NA
"1122",0.59,-0.26,0.12,0.06,0.02,1,0,0,0,0,NA,NA,NA,NA,NA
"1123",-0.47,-0.15,-0.07,-0.08,0,1,0,0,0,0,NA,NA,NA,NA,NA
"1124",1.21,0.46,0.33,0.12,0.4,4,1,1,0,1,NA,NA,NA,NA,NA
"1125",0.55,0.28,-0.32,-0.33,-0.25,1,0,1,1,0,NA,NA,NA,NA,NA
"1126",-0.62,-0.21,0.1,0.1,0.3,1,0,0,0,1,NA,NA,NA,NA,NA
"1127",0.02,0.6,-0.26,-0.04,-0.07,0,1,0,0,0,NA,NA,NA,NA,NA
"1128",-0.64,0.17,0.17,0.12,0.11,1,0,0,0,0,NA,NA,NA,NA,NA
"1129",0.14,0.24,-0.03,0.08,0.11,0,0,0,0,0,NA,NA,NA,NA,NA
"1130",0.27,-0.6,0.07,0.02,-0.13,0,1,0,0,0,NA,NA,NA,NA,NA
"1131",-0.16,0.24,-0.53,-0.53,-0.26,0,0,2,2,0,NA,NA,NA,NA,NA
"1132",0.53,0.18,-0.02,0.08,-0.13,1,0,0,0,0,NA,NA,NA,NA,NA
"1133",0.01,-0.2,0,-0.02,0,0,0,0,0,0,NA,NA,NA,NA,NA
"1134",-0.38,-0.25,0,0.05,0.14,0,0,0,0,0,NA,NA,NA,NA,NA
"1135",-0.74,0.07,0.34,0.36,0.43,2,0,1,1,1,NA,NA,NA,NA,NA
"1136",0.02,-0.05,-0.25,-0.19,-0.17,0,0,0,0,0,NA,NA,NA,NA,NA
"1137",-0.7,-0.04,0.26,0.13,0.29,1,0,0,0,0,NA,NA,NA,NA,NA
"1138",-0.24,0.46,-0.31,-0.1,-0.05,0,1,1,0,0,NA,NA,NA,NA,NA
"1139",-0.58,0.16,-0.23,0,0.08,1,0,0,0,0,NA,NA,NA,NA,NA
"1140",-0.21,0.2,-0.4,-0.19,-0.15,0,0,1,0,0,NA,NA,NA,NA,NA
"1141",0.34,0.3,-0.47,-0.34,-0.39,0,0,1,1,1,NA,NA,NA,NA,NA
"1142",-0.01,-0.39,0.17,0.11,-0.01,0,1,0,0,0,NA,NA,NA,NA,NA
"1143",0.51,0.18,-0.18,-0.2,-0.2,1,0,0,0,0,NA,NA,NA,NA,NA
"1144",0.51,-0.47,0.13,0,-0.04,1,1,0,0,0,NA,NA,NA,NA,NA
"1145",-0.02,-0.45,-0.07,0.09,-0.12,0,1,0,0,0,NA,NA,NA,NA,NA
"1146",0.58,0.38,-0.32,-0.25,-0.25,1,1,1,0,0,NA,NA,NA,NA,NA
"1147",0.5,0.4,-0.3,-0.17,-0.22,1,1,0,0,0,NA,NA,NA,NA,NA
"1148",0.52,0.47,-0.08,0.04,-0.08,1,1,0,0,0,NA,NA,NA,NA,NA
"1149",-0.32,-0.19,-0.09,-0.05,0,0,0,0,0,0,NA,NA,NA,NA,NA
"1150",-0.8,-0.16,0.24,0.29,0.51,2,0,0,0,2,NA,NA,NA,NA,NA
"1151",0.21,-0.4,-0.1,-0.09,-0.17,0,1,0,0,0,NA,NA,NA,NA,NA
"1152",0,-0.36,0.3,0.32,0.2,0,1,0,1,0,NA,NA,NA,NA,NA
"1153",-0.23,-0.54,0.06,-0.04,0.06,0,1,0,0,0,NA,NA,NA,NA,NA
"1154",-0.22,-0.32,0.08,0.09,0.06,0,0,0,0,0,NA,NA,NA,NA,NA
"1155",0.81,0.4,-0.15,-0.15,-0.12,2,1,0,0,0,NA,NA,NA,NA,NA
"1156",-0.07,-0.49,-0.03,0,-0.06,0,1,0,0,0,NA,NA,NA,NA,NA
"1157",0.41,0.4,-0.24,-0.08,-0.19,0,1,0,0,0,NA,NA,NA,NA,NA
"1158",-0.21,-0.1,-0.43,-0.38,-0.22,0,0,1,1,0,NA,NA,NA,NA,NA
"1159",0.07,0.22,-0.1,-0.04,-0.04,0,0,0,0,0,NA,NA,NA,NA,NA
"1160",-0.31,0.31,-0.21,-0.25,0.02,0,0,0,0,0,NA,NA,NA,NA,NA
"1161",-0.01,-0.4,0,0.08,-0.09,0,1,0,0,0,NA,NA,NA,NA,NA
"1162",-0.03,-0.2,-0.11,-0.04,-0.19,0,0,0,0,0,NA,NA,NA,NA,NA
"1163",0.05,-0.5,-0.11,-0.18,-0.23,0,1,0,0,0,NA,NA,NA,NA,NA
"1164",0.29,0.26,-0.01,0.14,-0.03,0,0,0,0,0,NA,NA,NA,NA,NA
"1165",0.01,-0.5,-0.12,-0.31,-0.19,0,1,0,1,0,NA,NA,NA,NA,NA
"1166",-0.4,-0.24,0.26,0.18,0.23,0,0,0,0,0,NA,NA,NA,NA,NA
"1167",0.11,-0.45,-0.08,-0.04,-0.12,0,1,0,0,0,NA,NA,NA,NA,NA
"1168",0.72,0.37,-0.05,-0.06,-0.1,1,1,0,0,0,NA,NA,NA,NA,NA
"1169",0.51,0.25,-0.19,-0.21,-0.15,1,0,0,0,0,NA,NA,NA,NA,NA
"1170",-0.07,0.15,-0.02,0.16,-0.08,0,0,0,0,0,NA,NA,NA,NA,NA
"1171",0.64,1.12,-0.15,-0.12,0.17,1,5,0,0,0,NA,NA,NA,NA,NA
"1172",0.12,-0.45,0.12,0.08,0.01,0,1,0,0,0,NA,NA,NA,NA,NA
"1173",0.43,-0.6,0.22,0.09,0.07,1,1,0,0,0,NA,NA,NA,NA,NA
"1174",0.47,0.11,-0.23,-0.17,-0.18,1,0,0,0,0,NA,NA,NA,NA,NA
"1175",0.03,-0.47,-0.32,-0.26,-0.27,0,1,1,0,0,NA,NA,NA,NA,NA
"1176",-0.92,0.07,0.38,0.34,0.53,2,0,1,1,2,NA,NA,NA,NA,NA
"1177",0.63,-0.45,0.3,0.09,0.16,1,1,0,0,0,NA,NA,NA,NA,NA
"1178",0.42,-0.43,-0.08,-0.09,-0.22,1,1,0,0,0,NA,NA,NA,NA,NA
"1179",-0.11,0.07,0.12,1.8,-1.44,0,0,0,18,12,NA,NA,NA,NA,NA
"1180",0.05,-0.56,0.12,-0.03,0.1,0,1,0,0,0,NA,NA,NA,NA,NA
"1181",0.06,-0.24,-0.33,-0.24,-0.33,0,0,1,0,1,NA,NA,NA,NA,NA
"1182",-0.21,-0.34,-0.06,-0.09,-0.1,0,0,0,0,0,NA,NA,NA,NA,NA
"1183",0.56,-0.52,0.13,-0.01,-0.08,1,1,0,0,0,NA,NA,NA,NA,NA
"1184",-0.02,-0.31,-0.1,0.04,-0.21,0,0,0,0,0,NA,NA,NA,NA,NA
"1185",0.26,-0.31,0,0.12,-0.16,0,0,0,0,0,NA,NA,NA,NA,NA
"1186",-0.08,-0.47,0.03,0.14,-0.06,0,1,0,0,0,NA,NA,NA,NA,NA
"1187",-0.24,-0.44,0.05,0,0.13,0,1,0,0,0,NA,NA,NA,NA,NA
"1188",0.25,-0.53,0.18,0.04,0.07,0,1,0,0,0,NA,NA,NA,NA,NA
"1189",0.64,-0.31,0.14,0.1,-0.11,1,0,0,0,0,NA,NA,NA,NA,NA
"1190",-0.64,-0.32,-0.16,-0.29,-0.01,1,0,0,0,0,NA,NA,NA,NA,NA
"1191",-0.28,-0.02,0.12,0.05,-0.18,0,0,0,0,0,NA,NA,NA,NA,NA
"1192",0.36,0.2,-0.02,0.09,-0.17,0,0,0,0,0,NA,NA,NA,NA,NA
"1193",0.37,-0.5,0.09,-0.04,-0.05,0,1,0,0,0,NA,NA,NA,NA,NA
"1194",0.22,-0.41,0,-0.06,-0.08,0,1,0,0,0,NA,NA,NA,NA,NA
"1195",0.34,-0.57,0.14,0.08,-0.08,0,1,0,0,0,NA,NA,NA,NA,NA
"1196",0.66,0.29,-0.08,-0.1,-0.12,1,0,0,0,0,NA,NA,NA,NA,NA
"1197",0.72,0.37,-0.05,-0.06,-0.1,1,1,0,0,0,NA,NA,NA,NA,NA
"1198",-0.02,-0.2,-0.02,0.07,-0.14,0,0,0,0,0,NA,NA,NA,NA,NA
"1199",-0.36,-0.04,0.04,0.09,0.04,0,0,0,0,0,NA,NA,NA,NA,NA
"1200",0.13,0.06,-0.27,-0.17,-0.26,0,0,0,0,0,NA,NA,NA,NA,NA
"1201",-0.23,-0.48,-0.1,-0.07,0.01,0,1,0,0,0,NA,NA,NA,NA,NA
"1202",0.9,0.37,0.16,0.07,0.17,2,1,0,0,0,NA,NA,NA,NA,NA
"1203",-0.1,-0.33,-0.05,0,-0.04,0,0,0,0,0,NA,NA,NA,NA,NA
"1204",-0.64,0.07,-0.02,0.23,0.07,1,0,0,0,0,NA,NA,NA,NA,NA
"1205",-0.67,0.4,0.19,0.09,0.19,1,1,0,0,0,NA,NA,NA,NA,NA
"1206",0.43,0.17,-0.27,-0.23,-0.27,1,0,0,0,0,NA,NA,NA,NA,NA
"1207",-1,0.54,0.59,-0.1,0.21,3,1,2,0,0,NA,NA,NA,NA,NA
"1208",0.28,-0.22,-0.24,-0.19,-0.23,0,0,0,0,0,NA,NA,NA,NA,NA
"1209",-0.3,-0.44,0.03,0.04,0.17,0,1,0,0,0,NA,NA,NA,NA,NA
"1210",-0.23,-0.5,-0.11,-0.2,-0.07,0,1,0,0,0,NA,NA,NA,NA,NA
"1211",0.16,-0.52,0.19,0.16,0.02,0,1,0,0,0,NA,NA,NA,NA,NA
"1212",0.11,-0.09,-0.14,-0.07,-0.13,0,0,0,0,0,NA,NA,NA,NA,NA
"1213",0.14,0.64,-0.23,-0.09,-0.03,0,2,0,0,0,NA,NA,NA,NA,NA
"1214",-0.22,0.34,-0.23,-0.2,-0.07,0,0,0,0,0,NA,NA,NA,NA,NA
"1215",-0.11,0.18,0.12,0.04,0.23,0,0,0,0,0,NA,NA,NA,NA,NA
"1216",0.58,-0.47,0.29,0.17,0.14,1,1,0,0,0,NA,NA,NA,NA,NA
"1217",-0.39,-0.39,-0.08,0.03,0.03,0,1,0,0,0,NA,NA,NA,NA,NA
"1218",-0.83,-0.23,0.18,0.13,0.53,2,0,0,0,2,NA,NA,NA,NA,NA
"1219",0.56,0.31,-0.3,-0.24,-0.26,1,0,0,0,0,NA,NA,NA,NA,NA
"1220",0.27,0.88,-0.15,-0.06,0.15,0,3,0,0,0,NA,NA,NA,NA,NA
"1221",-0.11,-0.5,0.06,-0.03,0.07,0,1,0,0,0,NA,NA,NA,NA,NA
"1222",-0.32,-0.21,0.13,0.23,0.13,0,0,0,0,0,NA,NA,NA,NA,NA
"1223",-0.08,-0.57,0.07,0.08,0.05,0,1,0,0,0,NA,NA,NA,NA,NA
"1224",0.2,-0.42,0.12,0.1,-0.13,0,1,0,0,0,NA,NA,NA,NA,NA
"1225",0.48,0.02,-0.3,-0.2,-0.35,1,0,0,0,1,NA,NA,NA,NA,NA
"1226",-0.58,-0.18,0.04,0.01,0.25,1,0,0,0,0,NA,NA,NA,NA,NA
"1227",-0.4,0.82,0.14,0.13,0.35,0,3,0,0,1,NA,NA,NA,NA,NA
"1228",-0.49,-0.16,0.09,0.1,0.17,1,0,0,0,0,NA,NA,NA,NA,NA
"1229",-0.27,-0.2,0.16,0.06,0.09,0,0,0,0,0,NA,NA,NA,NA,NA
"1230",-0.09,0.68,-0.32,-0.16,-0.02,0,2,1,0,0,NA,NA,NA,NA,NA
"1231",-0.02,-0.51,-0.12,-0.23,-0.21,0,1,0,0,0,NA,NA,NA,NA,NA
"1232",0.39,0.14,-0.33,-0.24,-0.34,0,0,1,0,1,NA,NA,NA,NA,NA
"1233",-0.11,-0.29,0.13,0.17,0.13,0,0,0,0,0,NA,NA,NA,NA,NA
"1234",0.2,-0.69,0.1,0.09,0,0,2,0,0,0,NA,NA,NA,NA,NA
"1235",-0.01,-0.5,-0.05,-0.09,-0.08,0,1,0,0,0,NA,NA,NA,NA,NA
"1236",-0.05,0.15,-0.31,-0.15,-0.16,0,0,1,0,0,NA,NA,NA,NA,NA
"1237",-0.27,-0.22,-0.06,0.02,0.08,0,0,0,0,0,NA,NA,NA,NA,NA
"1238",-0.42,0.18,-0.03,0.04,0.23,1,0,0,0,0,NA,NA,NA,NA,NA
"1239",0.26,-0.05,0.19,0.12,0.23,0,0,0,0,0,NA,NA,NA,NA,NA
"1240",0.44,-0.51,0.12,-0.05,-0.05,1,1,0,0,0,NA,NA,NA,NA,NA
"1241",-0.06,-0.29,-0.08,0,-0.14,0,0,0,0,0,NA,NA,NA,NA,NA
"1242",-0.56,0.43,0.23,0.17,0.1,1,1,0,0,0,NA,NA,NA,NA,NA
"1243",0.31,-0.53,-0.03,-0.09,-0.23,0,1,0,0,0,NA,NA,NA,NA,NA
"1244",0.19,0.43,-0.16,-0.07,-0.09,0,1,0,0,0,NA,NA,NA,NA,NA
"1245",-0.73,-0.2,0.07,-0.02,0.19,1,0,0,0,0,NA,NA,NA,NA,NA
"1246",-0.51,-0.42,-0.06,-0.01,0.22,1,1,0,0,0,NA,NA,NA,NA,NA
"1247",0.18,0.1,-0.27,-0.05,-0.25,0,0,0,0,0,NA,NA,NA,NA,NA
"1248",0.26,-0.6,-0.11,-0.13,-0.28,0,1,0,0,0,NA,NA,NA,NA,NA
"1249",0.04,0.31,-0.06,-0.14,-0.01,0,0,0,0,0,NA,NA,NA,NA,NA
"1250",-0.34,0.35,-0.25,-0.16,-0.04,0,0,0,0,0,NA,NA,NA,NA,NA
"1251",-0.19,-0.37,-0.14,-0.11,-0.07,0,1,0,0,0,NA,NA,NA,NA,NA
"1252",-0.26,0.6,-0.14,-0.11,0.04,0,1,0,0,0,NA,NA,NA,NA,NA
"1253",-0.42,0.24,-0.31,-0.02,-0.11,0,0,1,0,0,NA,NA,NA,NA,NA
"1254",0.17,-0.24,-0.17,-0.05,-0.21,0,0,0,0,0,NA,NA,NA,NA,NA
"1255",-0.45,0.11,-0.06,0.02,-0.14,1,0,0,0,0,NA,NA,NA,NA,NA
"1256",-0.02,-0.19,0.1,0.14,0.02,0,0,0,0,0,NA,NA,NA,NA,NA
"1257",-0.29,-0.16,0.02,0.12,0.19,0,0,0,0,0,NA,NA,NA,NA,NA
"1258",0.21,0.23,-0.17,0,-0.18,0,0,0,0,0,NA,NA,NA,NA,NA
"1259",0.24,-0.24,0.02,0.09,-0.11,0,0,0,0,0,NA,NA,NA,NA,NA
"1260",0,-0.62,-0.2,-0.29,-0.33,0,2,0,0,1,NA,NA,NA,NA,NA
"1261",0.3,0.62,-0.08,0.02,-0.02,0,2,0,0,0,NA,NA,NA,NA,NA
"1262",-0.51,-0.32,-0.15,-0.13,-0.03,1,0,0,0,0,NA,NA,NA,NA,NA
"1263",-0.36,0.02,0.67,0.47,0.84,0,0,2,1,4,NA,NA,NA,NA,NA
"1264",0.21,0.36,0.04,0.15,0.07,0,1,0,0,0,NA,NA,NA,NA,NA
"1265",-0.86,0.25,0.21,0.08,0.31,2,0,0,0,1,NA,NA,NA,NA,NA
"1266",-1.61,1.22,9.94,-5.64,-5.98,7,6,524,179,208,NA,NA,NA,NA,NA
"1267",-0.01,-0.51,-0.04,-0.08,0.05,0,1,0,0,0,NA,NA,NA,NA,NA
"1268",-0.33,0.49,-0.25,-0.19,-0.16,0,1,0,0,0,NA,NA,NA,NA,NA
"1269",-0.26,0.13,0.14,0.27,0,0,0,0,0,0,NA,NA,NA,NA,NA
"1270",-0.78,0.56,0.28,0.39,0.34,2,1,0,1,1,NA,NA,NA,NA,NA
"1271",0.32,-0.33,-0.24,-0.12,-0.38,0,0,0,0,1,NA,NA,NA,NA,NA
"1272",-0.78,-0.04,0.28,0.23,0.47,2,0,0,0,1,NA,NA,NA,NA,NA
"1273",0.21,-0.33,0.02,-0.03,-0.13,0,0,0,0,0,NA,NA,NA,NA,NA
"1274",0.06,-0.4,-0.04,-0.03,-0.12,0,1,0,0,0,NA,NA,NA,NA,NA
"1275",-0.41,0.05,-0.13,0.05,-0.09,0,0,0,0,0,NA,NA,NA,NA,NA
"1276",-0.94,0.14,0.33,0.22,0.49,2,0,1,0,1,NA,NA,NA,NA,NA
"1277",1.13,0.53,0.23,0.06,0.38,4,1,0,0,1,NA,NA,NA,NA,NA
"1278",0.02,-0.07,-0.23,-0.18,-0.19,0,0,0,0,0,NA,NA,NA,NA,NA
"1279",-0.29,-0.32,0.24,0.23,0.14,0,0,0,0,0,NA,NA,NA,NA,NA
"1280",-0.28,0.35,-0.28,-0.14,-0.11,0,0,0,0,0,NA,NA,NA,NA,NA
"1281",-0.14,0.13,-0.29,-0.17,-0.07,0,0,0,0,0,NA,NA,NA,NA,NA
"1282",0.32,-0.12,-0.15,-0.11,-0.14,0,0,0,0,0,NA,NA,NA,NA,NA
"1283",0.18,-0.44,0.06,0.13,-0.01,0,1,0,0,0,NA,NA,NA,NA,NA
"1284",0.33,-0.61,0.22,-0.04,0.02,0,2,0,0,0,NA,NA,NA,NA,NA
"1285",-0.48,0.35,-0.27,0.16,-0.04,1,1,0,0,0,NA,NA,NA,NA,NA
"1286",0.57,0.65,0.04,0.03,0.24,1,2,0,0,0,NA,NA,NA,NA,NA
"1287",-0.15,-0.26,-0.24,-0.15,-0.08,0,0,0,0,0,NA,NA,NA,NA,NA
"1288",0.56,0.42,-0.32,-0.25,-0.21,1,1,1,0,0,NA,NA,NA,NA,NA
"1289",0.7,-0.34,0.21,0.2,-0.01,1,0,0,0,0,NA,NA,NA,NA,NA
"1290",-0.13,0.06,-0.2,-0.06,-0.13,0,0,0,0,0,NA,NA,NA,NA,NA
"1291",0.67,-0.25,0.18,0.04,0.04,1,0,0,0,0,NA,NA,NA,NA,NA
"1292",0.58,0.09,-0.01,-0.04,-0.15,1,0,0,0,0,NA,NA,NA,NA,NA
"1293",0.81,-0.19,0.39,0.19,0.24,2,0,1,0,0,NA,NA,NA,NA,NA
"1294",-0.08,-0.24,0.09,0.09,-0.19,0,0,0,0,0,NA,NA,NA,NA,NA
"1295",-0.03,-0.4,0.29,0.17,0.2,0,1,0,0,0,NA,NA,NA,NA,NA
"1296",0.09,0.25,-0.11,-0.03,-0.08,0,0,0,0,0,NA,NA,NA,NA,NA
"1297",-0.04,-0.46,-0.03,-0.08,-0.11,0,1,0,0,0,NA,NA,NA,NA,NA
"1298",0.19,-0.04,-0.19,-0.11,-0.28,0,0,0,0,0,NA,NA,NA,NA,NA
"1299",-0.32,-0.47,0.03,0.16,0.05,0,1,0,0,0,NA,NA,NA,NA,NA
"1300",0.97,0.48,0.02,-0.04,0.13,3,1,0,0,0,NA,NA,NA,NA,NA
"1301",0.01,-0.44,-0.13,-0.15,-0.16,0,1,0,0,0,NA,NA,NA,NA,NA
"1302",0.91,0.37,0.07,0,0.11,2,1,0,0,0,NA,NA,NA,NA,NA
"1303",-0.26,-0.31,-0.01,0.04,0.07,0,0,0,0,0,NA,NA,NA,NA,NA
"1304",0.2,-0.38,-0.25,-0.13,-0.31,0,1,0,0,1,NA,NA,NA,NA,NA
"1305",-0.3,-0.43,-0.05,-0.05,0.04,0,1,0,0,0,NA,NA,NA,NA,NA
"1306",-0.14,-0.38,-0.03,-0.01,0,0,1,0,0,0,NA,NA,NA,NA,NA
"1307",-0.79,0.37,0.35,0.13,0.23,2,1,1,0,0,NA,NA,NA,NA,NA
"1308",0.14,0.18,-0.2,-0.16,-0.29,0,0,0,0,0,NA,NA,NA,NA,NA
"1309",0.1,0.49,-0.2,-0.12,-0.09,0,1,0,0,0,NA,NA,NA,NA,NA
"1310",-0.48,-0.45,-0.18,-0.25,0.07,1,1,0,0,0,NA,NA,NA,NA,NA
"1311",-0.3,0.3,-0.28,-0.19,-0.15,0,0,0,0,0,NA,NA,NA,NA,NA
"1312",-0.33,0.09,-0.21,0.03,0,0,0,0,0,0,NA,NA,NA,NA,NA
"1313",-0.57,-0.19,0.07,0.13,0.3,1,0,0,0,1,NA,NA,NA,NA,NA
"1314",-0.65,0.41,-0.19,0.26,0.13,1,1,0,0,0,NA,NA,NA,NA,NA
"1315",0.59,0.15,0.03,-0.01,0.05,1,0,0,0,0,NA,NA,NA,NA,NA
"1316",-0.78,-0.27,-0.14,-0.05,0.22,2,0,0,0,0,NA,NA,NA,NA,NA
"1317",-0.23,-0.22,0.05,0.14,0.09,0,0,0,0,0,NA,NA,NA,NA,NA
"1318",0.19,0.19,0.07,0.18,0.07,0,0,0,0,0,NA,NA,NA,NA,NA
"1319",-0.1,-0.28,0.06,-0.03,-0.02,0,0,0,0,0,NA,NA,NA,NA,NA
"1320",-0.21,0.21,-0.2,-0.07,0.13,0,0,0,0,0,NA,NA,NA,NA,NA
"1321",-0.31,-0.35,0.08,0.14,0.13,0,1,0,0,0,NA,NA,NA,NA,NA
"1322",-0.33,-0.24,-0.12,-0.14,-0.09,0,0,0,0,0,NA,NA,NA,NA,NA
"1323",0.29,0.27,-0.32,-0.26,-0.14,0,0,1,0,0,NA,NA,NA,NA,NA
"1324",-0.83,0.21,0.2,0.32,0.46,2,0,0,1,1,NA,NA,NA,NA,NA
"1325",-0.22,0.03,-0.38,-0.42,-0.2,0,0,1,1,0,NA,NA,NA,NA,NA
"1326",0.01,0.2,-0.36,-0.21,-0.14,0,0,1,0,0,NA,NA,NA,NA,NA
"1327",-0.21,-0.27,-0.16,-0.03,-0.1,0,0,0,0,0,NA,NA,NA,NA,NA
"1328",-0.06,0,-0.51,-0.18,-0.43,0,0,1,0,1,NA,NA,NA,NA,NA
"1329",-1.03,0.16,0.22,0.28,0.56,3,0,0,0,2,NA,NA,NA,NA,NA
"1330",-0.29,0.09,-0.07,0.03,0.07,0,0,0,0,0,NA,NA,NA,NA,NA
"1331",0.55,-0.36,0.3,0.18,0.19,1,1,0,0,0,NA,NA,NA,NA,NA
"1332",0.09,0.06,-0.25,-0.33,-0.12,0,0,0,1,0,NA,NA,NA,NA,NA
"1333",0.61,0.43,-0.25,-0.27,-0.02,1,1,0,0,0,NA,NA,NA,NA,NA
"1334",0.08,0.75,-0.04,0.04,-0.14,0,2,0,0,0,NA,NA,NA,NA,NA
"1335",0.58,-0.11,-0.15,-0.14,-0.2,1,0,0,0,0,NA,NA,NA,NA,NA
"1336",0.48,-0.06,-0.02,-0.09,0.08,1,0,0,0,0,NA,NA,NA,NA,NA
"1337",0.31,0.4,-0.13,-0.24,0.05,0,1,0,0,0,NA,NA,NA,NA,NA
"1338",0.14,-0.05,-0.24,-0.05,-0.33,0,0,0,0,1,NA,NA,NA,NA,NA
"1339",0.82,-0.41,0.54,0.24,0.38,2,1,2,0,1,NA,NA,NA,NA,NA
"1340",0.53,0.53,-0.3,-0.27,-0.08,1,1,0,0,0,NA,NA,NA,NA,NA
"1341",0.15,-0.55,-0.02,-0.05,-0.03,0,1,0,0,0,NA,NA,NA,NA,NA
"1342",-0.8,-0.23,-0.06,-0.03,0.27,2,0,0,0,0,NA,NA,NA,NA,NA
"1343",-0.26,0.06,0.32,0.23,0.23,0,0,1,0,0,NA,NA,NA,NA,NA
"1344",1.5,0.37,0.77,0.39,0.82,6,1,3,1,4,NA,NA,NA,NA,NA
"1345",1.37,-0.1,0.86,0.45,0.79,5,0,4,1,4,NA,NA,NA,NA,NA
"1346",0.49,0.87,-0.05,0.02,0.09,1,3,0,0,0,NA,NA,NA,NA,NA
"1347",0.44,-0.06,0.51,-0.09,0.03,1,0,1,0,0,NA,NA,NA,NA,NA
"1348",0.2,0.22,-0.24,-0.17,-0.21,0,0,0,0,0,NA,NA,NA,NA,NA
"1349",-0.76,-0.12,0.03,0.09,0.36,2,0,0,0,1,NA,NA,NA,NA,NA
"1350",1.19,0.38,0.73,0.41,0.84,4,1,3,1,4,NA,NA,NA,NA,NA
"1351",-0.07,-0.17,-0.11,-0.06,-0.02,0,0,0,0,0,NA,NA,NA,NA,NA
"1352",1.06,0.35,0.31,0.13,0.35,3,1,1,0,1,NA,NA,NA,NA,NA
"1353",0.72,0.07,0.15,0.08,0.08,1,0,0,0,0,NA,NA,NA,NA,NA
"1354",-0.26,0.19,-0.09,0.04,0.2,0,0,0,0,0,NA,NA,NA,NA,NA
"1355",-0.16,0.74,-0.06,0.07,0.09,0,2,0,0,0,NA,NA,NA,NA,NA
"1356",-0.74,0.95,0.53,-0.12,0.13,2,4,1,0,0,NA,NA,NA,NA,NA
"1357",-0.37,1.02,0.08,-0.16,0.13,0,4,0,0,0,NA,NA,NA,NA,NA
"1358",-0.44,0.11,-0.2,0.03,-0.03,1,0,0,0,0,NA,NA,NA,NA,NA
"1359",0.05,0.79,-0.31,-0.21,0.11,0,3,1,0,0,NA,NA,NA,NA,NA
"1360",-0.42,0.14,0.42,0.26,0.5,0,0,1,0,1,NA,NA,NA,NA,NA
"1361",0.43,0.21,-0.28,-0.21,-0.29,1,0,0,0,1,NA,NA,NA,NA,NA
"1362",0.37,0.39,-0.27,-0.19,-0.2,0,1,0,0,0,NA,NA,NA,NA,NA
"1363",-0.64,0.32,0.15,0.15,0.27,1,0,0,0,0,NA,NA,NA,NA,NA
"1364",0.31,0.51,-0.4,-0.26,-0.22,0,1,1,0,0,NA,NA,NA,NA,NA
"1365",-0.62,0.5,0.13,0.21,0.43,1,1,0,0,1,NA,NA,NA,NA,NA
"1366",0.25,-0.58,-0.01,0.07,-0.19,0,1,0,0,0,NA,NA,NA,NA,NA
"1367",0.15,-0.24,-0.15,-0.14,-0.17,0,0,0,0,0,NA,NA,NA,NA,NA
"1368",-0.76,0.84,0.15,0.03,0.34,2,3,0,0,1,NA,NA,NA,NA,NA
"1369",0.05,1.23,0.11,-0.04,0.12,0,6,0,0,0,NA,NA,NA,NA,NA
"1370",-0.53,1.05,0.41,-0.04,0.25,1,5,1,0,0,NA,NA,NA,NA,NA
"1371",0.01,0.37,0.01,-0.05,-0.09,0,1,0,0,0,NA,NA,NA,NA,NA
"1372",0.42,-0.22,0.18,0.05,0.01,0,0,0,0,0,NA,NA,NA,NA,NA
"1373",0.04,0.18,-0.05,-0.01,0.04,0,0,0,0,0,NA,NA,NA,NA,NA
"1374",0.86,-0.19,0.33,0.22,0.18,2,0,1,0,0,NA,NA,NA,NA,NA
"1375",-0.22,0.1,-0.18,-0.05,0.02,0,0,0,0,0,NA,NA,NA,NA,NA
"1376",-0.82,0.1,-0.34,-0.14,0.19,2,0,1,0,0,NA,NA,NA,NA,NA
"1377",-0.92,-0.26,-0.06,-0.14,0.27,2,0,0,0,0,NA,NA,NA,NA,NA
"1378",0.58,-0.53,0.23,0.08,0.04,1,1,0,0,0,NA,NA,NA,NA,NA
"1379",-0.63,0.02,-0.07,0.07,0.23,1,0,0,0,0,NA,NA,NA,NA,NA
"1380",0.88,0.22,0.15,0.05,0.13,2,0,0,0,0,NA,NA,NA,NA,NA
"1381",0.57,0.28,-0.16,-0.15,-0.12,1,0,0,0,0,NA,NA,NA,NA,NA
"1382",0.15,0.24,-0.18,-0.11,-0.1,0,0,0,0,0,NA,NA,NA,NA,NA
"1383",1.12,0.3,0.47,0.3,0.42,4,0,1,1,1,NA,NA,NA,NA,NA
"1384",0.38,-0.58,0.2,0.03,0,0,1,0,0,0,NA,NA,NA,NA,NA
"1385",0.29,-0.51,0.3,0.1,0.22,0,1,0,0,0,NA,NA,NA,NA,NA
"1386",-0.16,0.61,-0.28,-0.12,0.05,0,2,0,0,0,NA,NA,NA,NA,NA
"1387",-0.38,0.07,0.07,0.11,0.2,0,0,0,0,0,NA,NA,NA,NA,NA
"1388",-0.52,-0.08,0.34,0.3,0.28,1,0,1,0,0,NA,NA,NA,NA,NA
"1389",-0.69,-0.23,0.14,0.17,0.36,1,0,0,0,1,NA,NA,NA,NA,NA
"1390",-0.37,-0.25,0,-0.01,-0.06,0,0,0,0,0,NA,NA,NA,NA,NA
"1391",-0.27,-0.22,-0.04,0.07,0.06,0,0,0,0,0,NA,NA,NA,NA,NA
"1392",-0.23,-0.42,0.11,0.16,0.15,0,1,0,0,0,NA,NA,NA,NA,NA
"1393",0.26,-0.27,-0.02,-0.02,-0.1,0,0,0,0,0,NA,NA,NA,NA,NA
"1394",0.41,0.37,-0.28,-0.23,-0.2,0,1,0,0,0,NA,NA,NA,NA,NA
"1395",-0.32,-0.37,-0.2,-0.11,-0.06,0,1,0,0,0,NA,NA,NA,NA,NA
"1396",-0.42,-0.09,0.26,0.08,0.15,1,0,0,0,0,NA,NA,NA,NA,NA
"1397",0.27,0.46,-0.23,-0.05,-0.06,0,1,0,0,0,NA,NA,NA,NA,NA
"1398",0.21,-0.59,-0.15,-0.18,-0.23,0,1,0,0,0,NA,NA,NA,NA,NA
"1399",-0.33,-0.26,-0.19,-0.14,-0.01,0,0,0,0,0,NA,NA,NA,NA,NA
"1400",-0.06,0.27,-0.04,-0.02,-0.15,0,0,0,0,0,NA,NA,NA,NA,NA
"1401",-0.2,-0.22,0.32,0.22,0.2,0,0,1,0,0,NA,NA,NA,NA,NA
"1402",0.01,-0.17,-0.3,-0.19,-0.3,0,0,0,0,1,NA,NA,NA,NA,NA
"1403",0.09,-0.2,-0.13,0.04,-0.13,0,0,0,0,0,NA,NA,NA,NA,NA
"1404",0.86,0.2,0.16,0.07,0.15,2,0,0,0,0,NA,NA,NA,NA,NA
"1405",1.08,-0.06,0.53,0.25,0.49,3,0,1,0,1,NA,NA,NA,NA,NA
"1406",1.05,-0.03,0.68,0.4,0.76,3,0,2,1,3,NA,NA,NA,NA,NA
"1407",0.65,0.07,0.66,0.29,0.65,1,0,2,0,2,NA,NA,NA,NA,NA
"1408",0.64,-0.34,0.29,0.17,0.17,1,0,0,0,0,NA,NA,NA,NA,NA
"1409",-0.56,0,0.25,0.17,0.42,1,0,0,0,1,NA,NA,NA,NA,NA
"1410",0.24,-0.3,0.1,0.13,0.06,0,0,0,0,0,NA,NA,NA,NA,NA
"1411",-0.23,-0.26,0.11,0.26,0.2,0,0,0,0,0,NA,NA,NA,NA,NA
"1412",0.07,-0.37,0.18,0.03,0.15,0,1,0,0,0,NA,NA,NA,NA,NA
"1413",0.44,0.38,-0.08,-0.12,0.05,1,1,0,0,0,NA,NA,NA,NA,NA
"1414",-0.16,0.23,-0.25,-0.17,-0.12,0,0,0,0,0,NA,NA,NA,NA,NA
"1415",0.2,-0.03,0.03,-0.07,0,0,0,0,0,0,NA,NA,NA,NA,NA
"1416",-0.45,0.67,-0.17,-0.05,-0.09,1,2,0,0,0,NA,NA,NA,NA,NA
"1417",0.59,0.4,-0.05,-0.15,0.16,1,1,0,0,0,NA,NA,NA,NA,NA
"1418",-0.42,-0.42,0.02,-0.23,-0.07,1,1,0,0,0,NA,NA,NA,NA,NA
"1419",0.05,-0.66,-0.02,-0.07,-0.11,0,2,0,0,0,NA,NA,NA,NA,NA
"1420",-0.19,-0.19,-0.02,0.07,0.07,0,0,0,0,0,NA,NA,NA,NA,NA
"1421",0.22,-0.51,0.12,0.07,-0.01,0,1,0,0,0,NA,NA,NA,NA,NA
"1422",1.72,0.59,0.87,0.43,0.98,8,1,4,1,6,NA,NA,NA,NA,NA
"1423",1.54,0.42,0.81,0.46,0.83,7,1,3,1,4,NA,NA,NA,NA,NA
"1424",1.34,0.54,0.51,0.24,0.52,5,1,1,0,2,NA,NA,NA,NA,NA
"1425",-0.46,1.01,0.23,0.07,0.1,1,4,0,0,0,NA,NA,NA,NA,NA
"1426",-0.42,0.19,-0.06,0.14,0.2,0,0,0,0,0,NA,NA,NA,NA,NA
"1427",0.12,0.85,0.29,0.33,0.38,0,3,0,1,1,NA,NA,NA,NA,NA
"1428",1.16,0.09,0.7,0.39,0.74,4,0,3,1,3,NA,NA,NA,NA,NA
"1429",-0.41,0.79,0.32,0.07,0.09,0,3,1,0,0,NA,NA,NA,NA,NA
"1430",0.96,0.54,0.77,0.39,0.91,3,1,3,1,5,NA,NA,NA,NA,NA
"1431",-0.55,0.31,0.28,-0.04,0.35,1,0,0,0,1,NA,NA,NA,NA,NA
"1432",0.79,-0.07,0.33,0.18,0.15,2,0,1,0,0,NA,NA,NA,NA,NA
"1433",-0.11,-0.55,-0.12,-0.31,-0.18,0,1,0,1,0,NA,NA,NA,NA,NA
"1434",-0.23,0.07,-0.27,-0.3,-0.36,0,0,0,1,1,NA,NA,NA,NA,NA
"1435",-0.17,-0.28,0.15,0.19,0.1,0,0,0,0,0,NA,NA,NA,NA,NA
"1436",-0.62,-0.36,-0.12,0.18,0,1,1,0,0,0,NA,NA,NA,NA,NA
"1437",0.21,-0.39,0.28,0.12,0.17,0,1,0,0,0,NA,NA,NA,NA,NA
"1438",0.31,0.45,-0.32,-0.29,-0.13,0,1,1,0,0,NA,NA,NA,NA,NA
"1439",0.4,-0.4,0.23,0.06,0.06,0,1,0,0,0,NA,NA,NA,NA,NA
"1440",0.58,-0.52,0.13,0.03,-0.1,1,1,0,0,0,NA,NA,NA,NA,NA
"1441",0.45,0.39,-0.18,-0.11,-0.18,1,1,0,0,0,NA,NA,NA,NA,NA
"1442",0.23,-0.47,-0.01,-0.01,-0.18,0,1,0,0,0,NA,NA,NA,NA,NA
"1443",0.06,-0.63,-0.03,0.1,-0.33,0,2,0,0,1,NA,NA,NA,NA,NA
"1444",0.03,-0.52,-0.12,-0.11,-0.15,0,1,0,0,0,NA,NA,NA,NA,NA
"1445",0.71,0.32,-0.06,-0.07,-0.05,1,0,0,0,0,NA,NA,NA,NA,NA
"1446",-0.15,0.03,-0.02,-0.03,-0.02,0,0,0,0,0,NA,NA,NA,NA,NA
"1447",0.01,-0.53,-0.11,-0.12,-0.15,0,1,0,0,0,NA,NA,NA,NA,NA
"1448",0.12,-0.69,-0.09,-0.1,-0.27,0,2,0,0,0,NA,NA,NA,NA,NA
"1449",0.08,-0.09,-0.11,-0.15,-0.2,0,0,0,0,0,NA,NA,NA,NA,NA
"1450",-0.24,0.06,-0.3,-0.02,-0.23,0,0,0,0,0,NA,NA,NA,NA,NA
"1451",-0.14,-0.21,-0.25,-0.12,-0.24,0,0,0,0,0,NA,NA,NA,NA,NA
"1452",0.1,-0.56,0.02,0.06,-0.12,0,1,0,0,0,NA,NA,NA,NA,NA
"1453",-0.28,0.42,-0.1,0.15,0.11,0,1,0,0,0,NA,NA,NA,NA,NA
"1454",-0.28,0.22,-0.17,-0.14,-0.08,0,0,0,0,0,NA,NA,NA,NA,NA
"1455",-0.31,-0.28,-0.09,-0.17,-0.13,0,0,0,0,0,NA,NA,NA,NA,NA
"1456",-0.55,0.74,0.08,0.12,0.03,1,2,0,0,0,NA,NA,NA,NA,NA
"1457",0.02,0.32,-0.03,0.06,0.15,0,0,0,0,0,NA,NA,NA,NA,NA
"1458",-0.73,0.34,0.54,0.01,0.18,1,0,2,0,0,NA,NA,NA,NA,NA
"1459",-0.87,-0.16,0.17,0.02,0.43,2,0,0,0,1,NA,NA,NA,NA,NA
"1460",0.98,0.26,0.25,0.11,0.28,3,0,0,0,0,NA,NA,NA,NA,NA
"1461",0.37,0.25,-0.13,-0.1,-0.01,0,0,0,0,0,NA,NA,NA,NA,NA
"1462",-0.18,-0.1,-0.09,0.03,0.1,0,0,0,0,0,NA,NA,NA,NA,NA
"1463",0.27,0.16,-0.04,0,-0.04,0,0,0,0,0,NA,NA,NA,NA,NA
"1464",0.33,-0.35,-0.01,-0.08,-0.15,0,1,0,0,0,NA,NA,NA,NA,NA
"1465",0.33,-0.17,-0.13,-0.03,-0.2,0,0,0,0,0,NA,NA,NA,NA,NA
"1466",-0.35,-0.23,-0.19,-0.04,-0.01,0,0,0,0,0,NA,NA,NA,NA,NA
"1467",0.08,-0.45,-0.17,-0.22,-0.12,0,1,0,0,0,NA,NA,NA,NA,NA
"1468",0.61,-0.05,0.03,-0.04,0,1,0,0,0,0,NA,NA,NA,NA,NA
"1469",0.41,-0.17,-0.04,-0.07,-0.16,0,0,0,0,0,NA,NA,NA,NA,NA
"1470",0.16,0.43,-0.51,-0.39,-0.35,0,1,1,1,1,NA,NA,NA,NA,NA
"1471",-0.49,0.04,0.07,0.12,0,1,0,0,0,0,NA,NA,NA,NA,NA
"1472",0.49,0.41,-0.23,-0.22,-0.18,1,1,0,0,0,NA,NA,NA,NA,NA
"1473",-0.47,0.38,-0.06,-0.13,-0.17,1,1,0,0,0,NA,NA,NA,NA,NA
"1474",-0.15,-0.21,-0.09,-0.28,-0.06,0,0,0,0,0,NA,NA,NA,NA,NA
"1475",-0.25,-0.05,0.19,-0.21,-0.2,0,0,0,0,0,NA,NA,NA,NA,NA
"1476",-0.38,0.4,-0.43,-0.22,-0.21,0,1,1,0,0,NA,NA,NA,NA,NA
"1477",0.05,0.48,-0.39,-0.43,-0.42,0,1,1,1,1,NA,NA,NA,NA,NA
"1478",0.12,-0.45,0.07,0.15,-0.11,0,1,0,0,0,NA,NA,NA,NA,NA
"1479",0.53,-0.25,0.12,0.06,0.05,1,0,0,0,0,NA,NA,NA,NA,NA
"1480",0.09,0.37,-0.3,-0.44,-0.4,0,1,0,1,1,NA,NA,NA,NA,NA
"1481",-0.12,-0.36,0,0.04,-0.02,0,1,0,0,0,NA,NA,NA,NA,NA
"1482",0.66,-0.59,0.37,0.11,0.18,1,1,1,0,0,NA,NA,NA,NA,NA
"1483",0.28,-0.46,0.15,0.08,-0.05,0,1,0,0,0,NA,NA,NA,NA,NA
"1484",-0.22,0.37,0.02,0.06,0.16,0,1,0,0,0,NA,NA,NA,NA,NA
"1485",0.69,-0.2,0.53,0.37,0.47,1,0,1,1,1,NA,NA,NA,NA,NA
"1486",-0.33,0.6,0.13,0.15,0.01,0,2,0,0,0,NA,NA,NA,NA,NA
"1487",-0.07,-0.46,-0.09,-0.12,-0.15,0,1,0,0,0,NA,NA,NA,NA,NA
"1488",0.48,0.43,-0.14,0.01,-0.24,1,1,0,0,0,NA,NA,NA,NA,NA
"1489",0.01,0.6,0.08,0.22,0.01,0,1,0,0,0,NA,NA,NA,NA,NA
"1490",0.53,0.16,0.04,0.02,0,1,0,0,0,0,NA,NA,NA,NA,NA
"1491",0.22,-0.54,0.07,0.04,-0.12,0,1,0,0,0,NA,NA,NA,NA,NA
"1492",1.34,-0.06,0.99,0.51,0.99,5,0,5,1,6,NA,NA,NA,NA,NA
"1493",-0.03,-0.47,-0.19,-0.22,-0.26,0,1,0,0,0,NA,NA,NA,NA,NA
"1494",0.17,-0.29,-0.04,0.08,-0.17,0,0,0,0,0,NA,NA,NA,NA,NA
"1495",1.04,0.19,0.66,0.21,0.59,3,0,2,0,2,NA,NA,NA,NA,NA
"1496",0.47,-0.14,0.9,0.52,0.9,1,0,4,2,5,NA,NA,NA,NA,NA
"1497",0.46,-0.28,0.11,0.1,-0.05,1,0,0,0,0,NA,NA,NA,NA,NA
"1498",0.3,0.23,-0.14,-0.01,-0.15,0,0,0,0,0,NA,NA,NA,NA,NA
"1499",0.18,-0.31,0.11,0.03,0.06,0,0,0,0,0,NA,NA,NA,NA,NA
"1500",0.61,-0.13,0.04,-0.02,-0.12,1,0,0,0,0,NA,NA,NA,NA,NA
"1501",0.01,-0.23,0.22,0.3,0.16,0,0,0,1,0,NA,NA,NA,NA,NA
"1502",-0.13,0.05,0.04,0.09,-0.18,0,0,0,0,0,NA,NA,NA,NA,NA
"1503",0.08,-0.18,-0.11,-0.06,0.01,0,0,0,0,0,NA,NA,NA,NA,NA
"1504",-0.23,-0.36,0.1,0.2,0.17,0,1,0,0,0,NA,NA,NA,NA,NA
"1505",0.07,-0.35,-0.23,-0.16,-0.26,0,0,0,0,0,NA,NA,NA,NA,NA
"1506",-0.51,-0.39,-0.1,0.06,-0.07,1,1,0,0,0,NA,NA,NA,NA,NA
"1507",0.14,0.18,0.02,0.06,0.05,0,0,0,0,0,NA,NA,NA,NA,NA
"1508",0.64,0.1,0,-0.03,-0.13,1,0,0,0,0,NA,NA,NA,NA,NA
"1509",0.16,-0.34,-0.03,-0.02,-0.09,0,0,0,0,0,NA,NA,NA,NA,NA
"1510",-0.4,0.21,-0.04,-0.05,0.04,0,0,0,0,0,NA,NA,NA,NA,NA
"1511",0.15,-0.22,-0.14,-0.24,-0.25,0,0,0,0,0,NA,NA,NA,NA,NA
"1512",-0.8,-0.09,0.07,0.02,0.23,2,0,0,0,0,NA,NA,NA,NA,NA
"1513",-0.5,-0.48,-0.1,-0.04,0.1,1,1,0,0,0,NA,NA,NA,NA,NA
"1514",0.08,-0.02,-0.14,-0.08,-0.08,0,0,0,0,0,NA,NA,NA,NA,NA
"1515",0.21,0.12,-0.34,-0.26,-0.33,0,0,1,0,1,NA,NA,NA,NA,NA
"1516",-0.03,-0.29,0.1,0.22,0.09,0,0,0,0,0,NA,NA,NA,NA,NA
"1517",0.2,-0.48,-0.21,-0.04,-0.37,0,1,0,0,1,NA,NA,NA,NA,NA
"1518",-0.1,0.18,-0.23,-0.16,-0.05,0,0,0,0,0,NA,NA,NA,NA,NA
"1519",0.86,0.3,0.14,0.08,0.11,2,0,0,0,0,NA,NA,NA,NA,NA
"1520",0.34,-0.03,-0.1,-0.05,-0.18,0,0,0,0,0,NA,NA,NA,NA,NA
"1521",0.17,-0.51,-0.1,-0.08,-0.18,0,1,0,0,0,NA,NA,NA,NA,NA
"1522",0.45,0.49,-0.24,-0.28,-0.17,1,1,0,0,0,NA,NA,NA,NA,NA
"1523",1,0.57,0.06,-0.02,0.16,3,1,0,0,0,NA,NA,NA,NA,NA
"1524",0.02,-0.43,-0.1,-0.13,-0.15,0,1,0,0,0,NA,NA,NA,NA,NA
"1525",0.18,0.11,-0.05,0.13,-0.17,0,0,0,0,0,NA,NA,NA,NA,NA
"1526",0.18,0.35,-0.27,-0.24,-0.22,0,1,0,0,0,NA,NA,NA,NA,NA
"1527",-0.19,0.05,0.2,0.24,0.25,0,0,0,0,0,NA,NA,NA,NA,NA
"1528",0.44,0.13,-0.19,-0.05,-0.19,1,0,0,0,0,NA,NA,NA,NA,NA
"1529",-0.14,0.18,-0.31,-0.18,-0.03,0,0,1,0,0,NA,NA,NA,NA,NA
"1530",0.85,-0.36,0.57,0.26,0.5,2,1,2,0,1,NA,NA,NA,NA,NA
"1531",-0.05,-0.17,-0.35,-0.24,-0.34,0,0,1,0,1,NA,NA,NA,NA,NA
"1532",1.27,0.56,0.44,0.22,0.51,5,1,1,0,2,NA,NA,NA,NA,NA
"1533",0.87,0.27,0.04,-0.07,0.06,2,0,0,0,0,NA,NA,NA,NA,NA
"1534",-0.02,-0.12,-0.29,-0.18,-0.24,0,0,0,0,0,NA,NA,NA,NA,NA
"1535",-0.1,-0.13,0.09,0.19,0.05,0,0,0,0,0,NA,NA,NA,NA,NA
"1536",-0.1,-0.32,-0.17,0.01,-0.15,0,0,0,0,0,NA,NA,NA,NA,NA
"1537",0.12,-0.17,-0.45,-0.32,-0.44,0,0,1,1,1,NA,NA,NA,NA,NA
"1538",0.45,-0.23,-0.08,-0.09,-0.17,1,0,0,0,0,NA,NA,NA,NA,NA
"1539",0.65,0.28,-0.09,-0.11,-0.03,1,0,0,0,0,NA,NA,NA,NA,NA
"1540",-0.37,0.38,-0.28,-0.05,0.09,0,1,0,0,0,NA,NA,NA,NA,NA
"1541",1.22,0.45,0.4,0.17,0.43,4,1,1,0,1,NA,NA,NA,NA,NA
"1542",0.36,-0.34,-0.14,-0.14,-0.21,0,0,0,0,0,NA,NA,NA,NA,NA
"1543",0.28,0.29,-0.27,-0.18,-0.3,0,0,0,0,1,NA,NA,NA,NA,NA
"1544",0.06,0.12,-0.15,-0.08,0.03,0,0,0,0,0,NA,NA,NA,NA,NA
"1545",0.12,0.37,-0.26,-0.27,-0.22,0,1,0,0,0,NA,NA,NA,NA,NA
"1546",0.56,0.45,-0.04,0.01,-0.03,1,1,0,0,0,NA,NA,NA,NA,NA
"1547",1.11,0.74,0.37,0.15,0.53,3,2,1,0,2,NA,NA,NA,NA,NA
"1548",-0.56,-0.08,0.19,0.23,0.45,1,0,0,0,1,NA,NA,NA,NA,NA
"1549",0.44,-0.26,0.27,0.06,0.32,1,0,0,0,1,NA,NA,NA,NA,NA
"1550",0.37,-0.14,0.03,0.1,-0.05,0,0,0,0,0,NA,NA,NA,NA,NA
"1551",0.67,-0.3,0.12,0.15,-0.03,1,0,0,0,0,NA,NA,NA,NA,NA
"1552",-0.4,-0.12,-0.07,-0.02,-0.04,0,0,0,0,0,NA,NA,NA,NA,NA
"1553",0.99,0.34,0.05,-0.05,0.08,3,0,0,0,0,NA,NA,NA,NA,NA
"1554",0.69,0.16,0.1,0.1,0.06,1,0,0,0,0,NA,NA,NA,NA,NA
"1555",-0.43,0.26,0.06,0.05,-0.03,1,0,0,0,0,NA,NA,NA,NA,NA
"1556",0.3,-0.29,0.06,0,-0.08,0,0,0,0,0,NA,NA,NA,NA,NA
"1557",-0.45,0.54,-0.13,-0.22,-0.16,1,1,0,0,0,NA,NA,NA,NA,NA
"1558",-0.03,-0.31,0.2,0.24,0.14,0,0,0,0,0,NA,NA,NA,NA,NA
"1559",1.34,0.61,0.44,0.22,0.51,5,2,1,0,2,NA,NA,NA,NA,NA
"1560",-0.26,-0.44,0.11,0.18,0.28,0,1,0,0,0,NA,NA,NA,NA,NA
"1561",0.29,0.53,-0.1,-0.06,0,0,1,0,0,0,NA,NA,NA,NA,NA
"1562",1.1,0.27,0.39,0.19,0.35,3,0,1,0,1,NA,NA,NA,NA,NA
"1563",0.64,0.4,-0.02,0.09,-0.13,1,1,0,0,0,NA,NA,NA,NA,NA
